id,name,sequence,parent,display_balance,balance_sheet,income_statement,,,,,
ec,PLAN CONTABLE NIIF ECUADOR,1,,debit-credit,,,,,,,
ec_esf,ESTADO DE SITUACION FINANCIERA,2,ec,debit-credit,True,,,,,,
ec_esf_1,ACTIVO,1,ec_esf,debit-credit,True,,,,,,
ec_esf_101,ACTIVO CORRIENTE,101,ec_esf_1,debit-credit,,,,,,,
ec_esf_10101,EFECTIVO Y EQUIVALENTES AL EFECTIVO,10101,ec_esf_101,debit-credit,,,,,,,
ec_esf_10102,ACTIVOS FINANCIEROS,10102,ec_esf_101,debit-credit,,,,,,,
ec_esf_1010201,ACTIVOS FINANCIEROS A VALOR RAZONABLE CON CAMBIOS EN RESULTADOS,1010201,ec_esf_10102,debit-credit,,,,,,,
ec_esf_1010202,ACTIVOS FINANCIEROS DISPONIBLES PARA LA VENTA,1010202,ec_esf_10102,debit-credit,,,,,,,
ec_esf_1010203,ACTIVOS FINANCIEROS MANTENIDOS HASTA EL VENCIMIENTO,1010203,ec_esf_10102,debit-credit,,,,,,,
ec_esf_1010204,(-) PROVISION POR DETERIORO,1010204,ec_esf_10102,debit-credit,,,,,,,
ec_esf_1010205,DOCUMENTOS Y CUENTAS POR COBRAR CLIENTES NO RELACIONADOS,1010205,ec_esf_10102,debit-credit,,,,,,,
ec_esf_101020501,DE ACTIVIDADES ORDINARIAS QUE GENEREN INTERESES,101020501,ec_esf_1010205,debit-credit,,,,,,,
ec_esf_101020502,DE ACTIVIDADES ORDINARIAS QUE NO GENEREN INTERESES,101020502,ec_esf_1010205,debit-credit,,,,,,,
ec_esf_1010206,DOCUMENTOS Y CUENTAS POR COBRAR CLIENTES RELACIONADOS,1010206,ec_esf_10102,debit-credit,,,,,,,
ec_esf_1010207,OTRAS CUENTAS POR COBRAR RELACIONADAS,1010207,ec_esf_10102,debit-credit,,,,,,,
ec_esf_1010208,OTRAS CUENTAS POR COBRAR,1010208,ec_esf_10102,debit-credit,,,,,,,
ec_esf_1010209,(-) PROVISIÓN CUENTAS INCOBRABLES Y DETERIORO,1010209,ec_esf_10102,debit-credit,,,,,,,
ec_esf_10103,INVENTARIOS,10103,ec_esf_101,debit-credit,,,,,,,
ec_esf_1010301,INVENTARIOS DE MATERIA PRIMA,1010301,ec_esf_10103,debit-credit,,,,,,,
ec_esf_1010302,INVENTARIOS DE PRODUCTOS EN PROCESO,1010302,ec_esf_10103,debit-credit,,,,,,,
ec_esf_1010303,INVENTARIOS DE SUMINISTROS O MATERIALES A SER CONSUMIDOS EN EL PROCESO DE PRODUCCION,1010303,ec_esf_10103,debit-credit,,,,,,,
ec_esf_1010305,INVENTARIOS DE PROD. TERM. Y MERCAD. EN ALMACÉN - PRODUCIDO POR LA COMPAÑÍA,1010304,ec_esf_10103,debit-credit,,,,,,,
ec_esf_1010307,MERCADERÍAS EN TRÁNSITO,1010305,ec_esf_10103,debit-credit,,,,,,,
ec_esf_1010308,OBRAS EN CONSTRUCCION,1010306,ec_esf_10103,debit-credit,,,,,,,
ec_esf_1010309,OBRAS TERMINADAS,1010307,ec_esf_10103,debit-credit,,,,,,,
ec_esf_1010310,MATERIALES O BIENES PARA LA CONSTRUCCION,1010308,ec_esf_10103,debit-credit,,,,,,,
ec_esf_1010311,"INVENTARIOS REPUESTOS, HERRAMIENTAS Y ACCESORIOS",1010309,ec_esf_10103,debit-credit,,,,,,,
ec_esf_1010312,OTROS INVENTARIOS,1010310,ec_esf_10103,debit-credit,,,,,,,
ec_esf_1010313,(-) PROVISIÓN POR VALOR NETO DE REALIZACIÓN Y OTRAS PERDIDAS EN INVENTARIO,1010311,ec_esf_10103,debit-credit,,,,,,,
ec_esf_10104,SERVICIOS Y OTROS PAGOS ANTICIPADOS,10104,ec_esf_101,debit-credit,,,,,,,
ec_esf_1010401,SEGUROS PAGADOS POR ANTICIPADO,1010401,ec_esf_10104,debit-credit,,,,,,,
ec_esf_1010402,ARRIENDOS PAGADOS POR ANTICIPADO,1010402,ec_esf_10104,debit-credit,,,,,,,
ec_esf_1010403,ANTICIPOS A PROVEEDORES,1010403,ec_esf_10104,debit-credit,,,,,,,
ec_esf_1010404,OTROS ANTICIPOS ENTREGADOS,1010404,ec_esf_10104,debit-credit,,,,,,,
ec_esf_10105,ACTIVOS POR IMPUESTOS CORRIENTES,10105,ec_esf_101,debit-credit,,,,,,,
ec_esf_1010501,CRÉDITO TRIBUTARIO A FAVOR DE LA EMPRESA (IVA),1010501,ec_esf_10105,debit-credit,,,,,,,
ec_esf_1010502,CRÉDITO TRIBUTARIO A FAVOR DE LA EMPRESA ( I. R.),1010502,ec_esf_10105,debit-credit,,,,,,,
ec_esf_1010503,ANTICIPO DE IMPUESTO A LA RENTA,1010503,ec_esf_10105,debit-credit,,,,,,,
ec_esf_10106,ACTIVOS NO CORRIENTES MANTENIDOS PARA LA VENTA Y OPERACIONES DISCONTINUADAS,10106,ec_esf_101,debit-credit,,,,,,,
ec_esf_10107,CONSTRUCCIONES EN PROCESO (NIC 11 Y SECC.23 PYMES),10107,ec_esf_101,debit-credit,,,,,,,
ec_esf_10108,OTROS ACTIVOS CORRIENTES,10108,ec_esf_101,debit-credit,,,,,,,
ec_esf_102,ACTIVO NO CORRIENTE,102,ec_esf_1,debit-credit,,,,,,,
ec_esf_10201,"PROPIEDADES, PLANTA Y EQUIPO",10201,ec_esf_102,debit-credit,,,,,,,
ec_esf_1020101,TERRENOS,1020101,ec_esf_10201,debit-credit,,,,,,,
ec_esf_1020102,EDIFICIOS,1020102,ec_esf_10201,debit-credit,,,,,,,
ec_esf_1020103,CONSTRUCCIONES EN CURSO,1020103,ec_esf_10201,debit-credit,,,,,,,
ec_esf_1020104,INSTALACIONES,1020104,ec_esf_10201,debit-credit,,,,,,,
ec_esf_1020105,MUEBLES Y ENSERES,1020105,ec_esf_10201,debit-credit,,,,,,,
ec_esf_1020106,MAQUINARIA Y EQUIPO,1020106,ec_esf_10201,debit-credit,,,,,,,
ec_esf_1020107,"NAVES, AERONAVES, BARCAZAS Y SIMILARES",1020107,ec_esf_10201,debit-credit,,,,,,,
ec_esf_1020108,EQUIPO DE COMPUTACIÓN,1020108,ec_esf_10201,debit-credit,,,,,,,
ec_esf_1020109,"VEHÍCULOS, EQUIPOS DE TRANSPORTE Y EQUIPO CAMINERO MÓVIL",1020109,ec_esf_10201,debit-credit,,,,,,,
ec_esf_1020110,"OTROS PROPIEDADES, PLANTA Y EQUIPO",1020110,ec_esf_10201,debit-credit,,,,,,,
ec_esf_1020111,REPUESTOS Y HERRAMIENTAS,1020111,ec_esf_10201,debit-credit,,,,,,,
ec_esf_1020112,"(-) DEPRECIACIÓN ACUMULADA PROPIEDADES, PLANTA Y EQUIPO",1020112,ec_esf_10201,debit-credit,,,,,,,
ec_esf_1020113,"(-) DETERIORO  ACUMULADO DE PROPIEDADES, PLANTA Y EQUIPO",1020113,ec_esf_10201,debit-credit,,,,,,,
ec_esf_1020114,ACTIVOS DE EXPLORACION Y EXPLOTACION,1020114,ec_esf_10201,debit-credit,,,,,,,
ec_esf_102011401,ACTIVOS DE EXPLORACION Y EXPLOTACION,102011401,ec_esf_1020114,debit-credit,,,,,,,
ec_esf_102011402,(-) AMORTIZACION ACUMULADA DE ACTIVOS DE EXPLORACIÓN Y EXPLOTACIÓN,102011402,ec_esf_1020114,debit-credit,,,,,,,
ec_esf_102011403,(-) DETERIORO  ACUMULADO DE ACTIVOS DE EXPLORACIÓN Y EXPLOTACIÓN,102011403,ec_esf_1020114,debit-credit,,,,,,,
ec_esf_10202,PROPIEDADES DE INVERSIÓN,10202,ec_esf_102,debit-credit,,,,,,,
ec_esf_1020201,TERRENOS,1020201,ec_esf_10202,debit-credit,,,,,,,
ec_esf_1020202,EDIFICIOS,1020202,ec_esf_10202,debit-credit,,,,,,,
ec_esf_1020203,(-) DEPRECIACION ACUMULADA DE PROPIEDADES DE INVERSIÓN,1020203,ec_esf_10202,debit-credit,,,,,,,
ec_esf_11020204,(-) DETERIORO ACUMULADO DE PROPIEDADES DE INVERSIÓN,1020204,ec_esf_10202,debit-credit,,,,,,,
ec_esf_10203,ACTIVOS BIOLOGICOS,10203,ec_esf_102,debit-credit,,,,,,,
ec_esf_1020301,ANIMALES VIVOS EN CRECIMIENTO,1020301,ec_esf_10203,debit-credit,,,,,,,
ec_esf_1020302,ANIMALES VIVOS EN PRODUCCION,1020302,ec_esf_10203,debit-credit,,,,,,,
ec_esf_1020303,PLANTAS EN CRECIMIENTO,1020303,ec_esf_10203,debit-credit,,,,,,,
ec_esf_1020304,PLANTAS EN PRODUCCION,1020304,ec_esf_10203,debit-credit,,,,,,,
ec_esf_1020305,(-) DEPRECIACION ACUMULADA DE ACTIVOS BIOLÓGICOS,1020305,ec_esf_10203,debit-credit,,,,,,,
ec_esf_1020306,(-) DETERIORO ACUMULADO DE ACTIVOS BIOLOGÍCOS,1020306,ec_esf_10203,debit-credit,,,,,,,
ec_esf_10204,ACTIVO INTANGIBLE,10204,ec_esf_102,debit-credit,,,,,,,
ec_esf_1020401,PLUSVALÍAS,1020401,ec_esf_10204,debit-credit,,,,,,,
ec_esf_1020402,"MARCAS, PATENTES, DERECHOS DE LLAVE , CUOTAS PATRIMONIALES Y OTROS SIMILARES",1020402,ec_esf_10204,debit-credit,,,,,,,
ec_esf_1020403,ACTIVOS DE EXPLORACION Y EXPLOTACION,1020403,ec_esf_10204,debit-credit,,,,,,,
ec_esf_1020404,(-) AMORTIZACIÓN ACUMULADA DE ACTIVOS INTANGIBLE,1020404,ec_esf_10204,debit-credit,,,,,,,
ec_esf_1020405,(-) DETERIORO ACUMULADO DE ACTIVO INTANGIBLE,1020405,ec_esf_10204,debit-credit,,,,,,,
ec_esf_1020406,OTROS INTANGIBLES,1020406,ec_esf_10204,debit-credit,,,,,,,
ec_esf_10205,ACTIVOS POR IMPUESTOS DIFERIDOS,10205,ec_esf_102,debit-credit,,,,,,,
ec_esf_10206,ACTIVOS FINANCIEROS NO CORRIENTES,10206,ec_esf_102,debit-credit,,,,,,,
ec_esf_1020601,ACTIVOS FINANCIEROS MANTENIDOS HASTA EL VENCIMIENTO,1020601,ec_esf_10206,debit-credit,,,,,,,
ec_esf_1020602,(-) PROVISION POR DETERIORO DE ACTIVOS FINANCIEROS MANTENIDOS HASTA EL VENCIMIENTO,1020602,ec_esf_10206,debit-credit,,,,,,,
ec_esf_1020603,DOCUMENTOS Y CUENTAS POR COBRAR,1020603,ec_esf_10206,debit-credit,,,,,,,
ec_esf_1020604,(-) PROVISIÓN CUENTAS INCOBRABLES DE ACTIVOS FINANCIEROS NO CORRIENTES,1020604,ec_esf_10206,debit-credit,,,,,,,
ec_esf_10207,OTROS ACTIVOS NO CORRIENTES,10207,ec_esf_102,debit-credit,,,,,,,
ec_esf_1020701,INVERSIONES SUBSIDIARIAS,1020701,ec_esf_10207,debit-credit,,,,,,,
ec_esf_1020702,INVERSIONES ASOCIADAS,1020702,ec_esf_10207,debit-credit,,,,,,,
ec_esf_1020703,INVERSIONES NEGOCIOS CONJUNTOS,1020703,ec_esf_10207,debit-credit,,,,,,,
ec_esf_1020704,OTRAS INVERSIONES,1020704,ec_esf_10207,debit-credit,,,,,,,
ec_esf_1020705,(-) PROVISIÓN VALUACIÓN DE INVERSIONES,1020705,ec_esf_10207,debit-credit,,,,,,,
ec_esf_1020706,OTROS ACTIVOS NO CORRIENTES,1020706,ec_esf_10207,debit-credit,,,,,,,
ec_esf_2,PASIVO,2,ec_esf,credit-debit,True,,,,,,
ec_esf_201,PASIVO CORRIENTE,201,ec_esf_2,credit-debit,,,,,,,
ec_esf_20101,PASIVOS FINANCIEROS A VALOR RAZONABLE CON CAMBIOS EN RESULTADOS,20101,ec_esf_201,credit-debit,,,,,,,
ec_esf_20102,PASIVOS POR CONTRATOS DE ARRENDAMIENTO FINANCIEROS,20102,ec_esf_201,credit-debit,,,,,,,
ec_esf_20103,CUENTAS Y DOCUMENTOS POR PAGAR,20103,ec_esf_201,credit-debit,,,,,,,
ec_esf_2010301,LOCALES,2010301,ec_esf_20103,credit-debit,,,,,,,
ec_esf_2010302,DEL EXTERIOR,2010302,ec_esf_20103,credit-debit,,,,,,,
ec_esf_20104,OBLIGACIONES CON INSTITUCIONES FINANCIERAS,20104,ec_esf_201,credit-debit,,,,,,,
ec_esf_2010401,LOCALES,2010401,ec_esf_20104,credit-debit,,,,,,,
ec_esf_2010402,DEL EXTERIOR,2010402,ec_esf_20104,credit-debit,,,,,,,
ec_esf_20105,PROVISIONES,20105,ec_esf_201,credit-debit,,,,,,,
ec_esf_2010501,LOCALES,2010501,ec_esf_20105,credit-debit,,,,,,,
ec_esf_2010502,DEL EXTERIOR,2010502,ec_esf_20105,credit-debit,,,,,,,
ec_esf_20106,PORCIÓN CORRIENTE DE OBLIGACIONES EMITIDAS,20106,ec_esf_201,credit-debit,,,,,,,
ec_esf_20107,OTRAS OBLIGACIONES CORRIENTES,20107,ec_esf_201,credit-debit,,,,,,,
ec_esf_2010701,CON LA ADMINISTRACIÓN TRIBUTARIA,2010701,ec_esf_20107,credit-debit,,,,,,,
ec_esf_2010702,IMPUESTO A LA RENTA POR PAGAR DEL EJERCICIO,2010702,ec_esf_20107,credit-debit,,,,,,,
ec_esf_2010703,CON EL IESS,2010703,ec_esf_20107,credit-debit,,,,,,,
ec_esf_2010704,POR BENEFICIOS DE LEY A EMPLEADOS,2010704,ec_esf_20107,credit-debit,,,,,,,
ec_esf_2010705,PARTICIPACIÓN TRABAJADORES POR PAGAR DEL EJERCICIO,2010705,ec_esf_20107,credit-debit,,,,,,,
ec_esf_2010706,DIVIDENDOS POR PAGAR,2010706,ec_esf_20107,credit-debit,,,,,,,
ec_esf_20108,CUENTAS POR PAGAR DIVERSAS/RELACIONADAS,20108,ec_esf_201,credit-debit,,,,,,,
ec_esf_20109,OTROS PASIVOS FINANCIEROS,20109,ec_esf_201,credit-debit,,,,,,,
ec_esf_20110,ANTICIPOS DE CLIENTES,20110,ec_esf_201,credit-debit,,,,,,,
ec_esf_20111,PASIVOS DIRECTAMENTE ASOCIADOS CON LOS ACTIVOS NO CORRIENTES Y OPERACIONES DISCONTINUADAS,20111,ec_esf_201,credit-debit,,,,,,,
ec_esf_20112,PORCION CORRIENTE DE PROVISIONES POR BENEFICIOS A EMPLEADOS,20112,ec_esf_201,credit-debit,,,,,,,
ec_esf_2011201,JUBILACION PATRONAL,2011201,ec_esf_20112,credit-debit,,,,,,,
ec_esf_2011202,OTROS BENEFICIOS A LARGO PLAZO PARA LOS EMPLEADOS,2011202,ec_esf_20112,credit-debit,,,,,,,
ec_esf_20113,OTROS PASIVOS CORRIENTES,20113,ec_esf_201,credit-debit,,,,,,,
ec_esf_202,PASIVO NO CORRIENTE,202,ec_esf_2,credit-debit,,,,,,,
ec_esf_20201,PASIVOS POR CONTRATOS DE ARRENDAMIENTO FINANCIERO,20201,ec_esf_202,credit-debit,,,,,,,
ec_esf_20202,CUENTAS Y DOCUMENTOS POR PAGAR,20202,ec_esf_202,credit-debit,,,,,,,
ec_esf_2020201,LOCALES,2020201,ec_esf_20202,credit-debit,,,,,,,
ec_esf_2020202,DEL EXTERIOR,2020202,ec_esf_20202,credit-debit,,,,,,,
ec_esf_20203,OBLIGACIONES CON INSTITUCIONES FINANCIERAS,20203,ec_esf_202,credit-debit,,,,,,,
ec_esf_2020301,LOCALES,2020301,ec_esf_20203,credit-debit,,,,,,,
ec_esf_2020302,DEL EXTERIOR,2020302,ec_esf_20203,credit-debit,,,,,,,
ec_esf_20204,CUENTAS POR PAGAR DIVERSAS/RELACIONADAS,20204,ec_esf_202,credit-debit,,,,,,,
ec_esf_2020401,LOCALES,2020401,ec_esf_20204,credit-debit,,,,,,,
ec_esf_2020402,DEL EXTERIOR,2020402,ec_esf_20204,credit-debit,,,,,,,
ec_esf_20205,OBLIGACIONES EMITIDAS,20205,ec_esf_202,credit-debit,,,,,,,
ec_esf_20206,ANTICIPOS DE CLIENTES,20206,ec_esf_202,credit-debit,,,,,,,
ec_esf_20207,PROVISIONES POR BENEFICIOS A EMPLEADOS,20207,ec_esf_202,credit-debit,,,,,,,
ec_esf_2020701,JUBILACION PATRONAL,2020701,ec_esf_20207,credit-debit,,,,,,,
ec_esf_2020702,OTROS BENEFICIOS NO CORRIENTES PARA LOS EMPLEADOS,2020702,ec_esf_20207,credit-debit,,,,,,,
ec_esf_20208,OTRAS PROVISIONES,20208,ec_esf_202,credit-debit,,,,,,,
ec_esf_20209,PASIVO DIFERIDO,20209,ec_esf_202,credit-debit,,,,,,,
ec_esf_2020901,INGRESOS DIFERIDOS,2020901,ec_esf_20209,credit-debit,,,,,,,
ec_esf_2020902,PASIVOS POR IMPUESTOS DIFERIDOS,2020902,ec_esf_20209,credit-debit,,,,,,,
ec_esf_20210,OTROS PASIVOS NO CORRIENTES,20210,ec_esf_202,credit-debit,,,,,,,
ec_esf_3,PATRIMONIO NETO,3,ec_esf,credit-debit,True,,,,,,
ec_esf_301,CAPITAL,301,ec_esf_3,credit-debit,,,,,,,
ec_esf_30101,CAPITAL SUSCRITO o  ASIGNADO,30101,ec_esf_301,credit-debit,,,,,,,
ec_esf_30102,"(-) CAPITAL SUSCRITO NO PAGADO, ACCIONES EN TESORERÍA",30102,ec_esf_301,credit-debit,,,,,,,
ec_esf_302,APORTES DE SOCIOS O ACCIONISTAS PARA FUTURA CAPITALIZACIÓN,302,ec_esf_3,credit-debit,,,,,,,
ec_esf_303,PRIMA POR EMISIÓN PRIMARIA DE ACCIONES,303,ec_esf_3,credit-debit,,,,,,,
ec_esf_304,RESERVAS,304,ec_esf_3,credit-debit,,,,,,,
ec_esf_30401,RESERVA LEGAL,30401,ec_esf_304,credit-debit,,,,,,,
ec_esf_30402,RESERVAS FACULTATIVA Y ESTATUTARIA,30402,ec_esf_304,credit-debit,,,,,,,
ec_esf_305,OTROS RESULTADOS INTEGRALES,305,ec_esf_3,credit-debit,,,,,,,
ec_esf_30501,SUPERAVIT DE ACTIVOS FINANCIEROS DISPONIBLES PARA LA VENTA,30501,ec_esf_305,credit-debit,,,,,,,
ec_esf_30502,"SUPERAVIT POR REVALUACIÓN DE PROPIEDADES, PLANTA Y EQUIPO",30502,ec_esf_305,credit-debit,,,,,,,
ec_esf_30503,SUPERAVIT POR REVALUACION DE ACTIVOS INTANGIBLES,30503,ec_esf_305,credit-debit,,,,,,,
ec_esf_3504,OTROS SUPERAVIT POR REVALUACION,30504,ec_esf_305,credit-debit,,,,,,,
ec_esf_306,RESULTADOS ACUMULADOS,306,ec_esf_3,credit-debit,,,,,,,
ec_esf_30601,GANANCIAS ACUMULADAS,30601,ec_esf_306,credit-debit,,,,,,,
ec_esf_30602,(-) PÉRDIDAS ACUMULADAS,30602,ec_esf_306,credit-debit,,,,,,,
ec_esf_30603,RESULTADOS ACUMULADOS PROVENIENTES DE LA ADOPCION POR PRIMERA VEZ DE LAS NIIF,30603,ec_esf_306,credit-debit,,,,,,,
ec_esf_30604,RESERVA DE CAPITAL,30604,ec_esf_306,credit-debit,,,,,,,
ec_esf_30605,RESERVA POR DONACIONES,30605,ec_esf_306,credit-debit,,,,,,,
ec_esf_30606,RESERVA POR VALUACIÓN,30606,ec_esf_306,credit-debit,,,,,,,
ec_esf_30607,SUPERÁVIT POR REVALUACIÓN DE INVERSIONES,30607,ec_esf_306,credit-debit,,,,,,,
ec_esf_307,RESULTADOS DEL EJERCICIO,307,ec_esf_3,credit-debit,,,,,,,
ec_esf_30701,GANANCIA NETA DEL PERIODO,30701,ec_esf_307,credit-debit,,,,,,,
ec_esf_30702,(-) PÉRDIDA NETA DEL PERIODO,30702,ec_esf_307,credit-debit,,,,,,,
ec_eri,ESTADO DEL RESULTADO INTEGRAL,3,ec,credit-debit,,True,,,,,
ec_eri_4,INGRESOS,4,ec_eri,credit-debit,,True,,,,,
ec_eri_41,INGRESOS DE ACTIVIDADES ORDINARIAS,41,ec_eri_4,credit-debit,,,,,,,
ec_eri_4101,VENTA DE BIENES,4101,ec_eri_41,credit-debit,,,,,,,
ec_eri_4102,PRESTACION DE SERVICIOS,4102,ec_eri_41,credit-debit,,,,,,,
ec_eri_4103,CONTRATOS DE CONSTRUCCION,4103,ec_eri_41,credit-debit,,,,,,,
ec_eri_4104,SUBVENCIONES DEL GOBIERNO,4104,ec_eri_41,credit-debit,,,,,,,
ec_eri_4105,REGALÍAS,4105,ec_eri_41,credit-debit,,,,,,,
ec_eri_4106,INTERESES,4106,ec_eri_41,credit-debit,,,,,,,
ec_eri_410601,INTERESES GENERADOS POR VENTAS A CREDITO,410601,ec_eri_4106,credit-debit,,,,,,,
ec_eri_410602,OTROS INTERESES GENERADOS,410602,ec_eri_4106,credit-debit,,,,,,,
ec_eri_4107,DIVIDENDOS,4107,ec_eri_41,credit-debit,,,,,,,
ec_eri_4108,GANANCIA POR MEDICION A VALOR RAZONABLE  DE ACTIVOS BIOLOGICOS,4108,ec_eri_41,credit-debit,,,,,,,
ec_eri_4109,OTROS INGRESOS DE ACTIVIDADES ORDINARIAS,4109,ec_eri_41,credit-debit,,,,,,,
ec_eri_4110,(-) DESCUENTO EN VENTAS,4110,ec_eri_41,credit-debit,,,,,,,
ec_eri_4111,(-) DEVOLUCIONES EN VENTAS,4111,ec_eri_41,credit-debit,,,,,,,
ec_eri_4112,(-) BONIFICACIÓN EN PRODUCTO,4112,ec_eri_41,credit-debit,,,,,,,
ec_eri_4113,(-) OTRAS REBAJAS COMERCIALES,4113,ec_eri_41,credit-debit,,,,,,,
ec_eri_5,COSTOS Y GASTOS,5,ec_eri,credit-debit,,,,,,,
ec_eri_51,COSTO DE VENTAS Y PRODUCCIÓN,51,ec_eri_5,credit-debit,,,,,,,
ec_eri_5101,MATERIALES UTILIZADOS O PRODUCTOS VENDIDOS,5101,ec_eri_51,credit-debit,,,,,,,
ec_eri_510101,(+) INVENTARIO INICIAL DE BIENES NO PRODUCIDOS POR LA COMPAÑIA,510101,ec_eri_5101,credit-debit,,,,,,,
ec_eri_510102,(+) COMPRAS NETAS LOCALES DE BIENES NO PRODUCIDOS POR LA COMPAÑIA,510102,ec_eri_5101,credit-debit,,,,,,,
ec_eri_510103,(+) IMPORTACIONES DE BIENES NO PRODUCIDOS POR LA COMPAÑIA,510103,ec_eri_5101,credit-debit,,,,,,,
ec_eri_510104,(-) INVENTARIO FINAL DE BIENES NO PRODUCIDOS PORLA COMPAÑIA,510104,ec_eri_5101,credit-debit,,,,,,,
ec_eri_510105,(+) INVENTARIO INICIAL DE MATERIA PRIMA,510105,ec_eri_5101,credit-debit,,,,,,,
ec_eri_510106,(+) COMPRAS NETAS LOCALES DE MATERIA PRIMA,510106,ec_eri_5101,credit-debit,,,,,,,
ec_eri_510107,(+) IMPORTACIONES DE MATERIA PRIMA,510107,ec_eri_5101,credit-debit,,,,,,,
ec_eri_510108,(-) INVENTARIO FINAL DE MATERIA PRIMA,510108,ec_eri_5101,credit-debit,,,,,,,
ec_eri_510109,(+) INVENTARIO INICIAL DE PRODUCTOS EN PROCESO,510109,ec_eri_5101,credit-debit,,,,,,,
ec_eri_510110,(-) INVENTARIO FINAL DE PRODUCTOS EN PROCESO,510110,ec_eri_5101,credit-debit,,,,,,,
ec_eri_510111,(+) INVENTARIO INICIAL PRODUCTOS TERMINADOS,510111,ec_eri_5101,credit-debit,,,,,,,
ec_eri_510112,(-) INVENTARIO FINAL DE PRODUCTOS TERMINADOS,510112,ec_eri_5101,credit-debit,,,,,,,
ec_eri_5102,(+) MANO DE OBRA DIRECTA,5102,ec_eri_51,credit-debit,,,,,,,
ec_eri_510201,SUELDOS Y BENEFICIOS SOCIALES,510201,ec_eri_5102,credit-debit,,,,,,,
ec_eri_510202,GASTO PLANES DE BENEFICIOS A EMPLEADOS,510202,ec_eri_5102,credit-debit,,,,,,,
ec_eri_5103,(+) MANO DE OBRA INDIRECTA,5103,ec_eri_51,credit-debit,,,,,,,
ec_eri_510301,SUELDOS Y BENEFICIOS SOCIALES,510301,ec_eri_5103,credit-debit,,,,,,,
ec_eri_510302,GASTO PLANES DE BENEFICIOS A EMPLEADOS,510302,ec_eri_5103,credit-debit,,,,,,,
ec_eri_5104,(+) OTROS COSTOS INDIRECTOS DE FABRICACION,5104,ec_eri_51,credit-debit,,,,,,,
ec_eri_510401,"DEPRECIACIÓN PROPIEDADES, PLANTA Y EQUIPO",510401,ec_eri_5104,credit-debit,,,,,,,
ec_eri_510402,DETERIORO O PERDIDAS DE ACTIVOS BIOLOGICOS,510402,ec_eri_5104,credit-debit,,,,,,,
ec_eri_510403,"DETERIORO DE PROPIEDAD, PLANTA Y EQUIPO",510403,ec_eri_5104,credit-debit,,,,,,,
ec_eri_510404,EFECTO VALOR NETO DE REALIZACION DE INVENTARIOS,510404,ec_eri_5104,credit-debit,,,,,,,
ec_eri_510405,GASTO POR GARANTIAS EN VENTA DE PRODUCTOS O SERVICIOS,510405,ec_eri_5104,credit-debit,,,,,,,
ec_eri_510406,MANTENIMIENTO Y REPARACIONES,510406,ec_eri_5104,credit-debit,,,,,,,
ec_eri_510407,SUMINISTROS MATERIALES Y REPUESTOS,510407,ec_eri_5104,credit-debit,,,,,,,
ec_eri_510408,OTROS COSTOS DE PRODUCCIÓN,510408,ec_eri_5104,credit-debit,,,,,,,
ec_eri_42,GANANCIA BRUTA,42,ec_eri_4,credit-debit,,,,,,,
ec_eri_43,OTROS INGRESOS,43,ec_eri_4,credit-debit,,,,,,,
ec_eri_4301,DIVIDENDOS,4301,ec_eri_43,credit-debit,,,,,,,
ec_eri_4302,INTERESES FINANCIEROS,4302,ec_eri_43,credit-debit,,,,,,,
ec_eri_4303,GANANCIA EN INVERSIONES EN ASOCIADAS / SUBSIDIARIAS Y OTRAS,4303,ec_eri_43,credit-debit,,,,,,,
ec_eri_4304,VALUACION DE INSTRUMENTOS FINANCIEROS A VALOR RAZONABLE CON CAMBIO EN RESULTADOS,4304,ec_eri_43,credit-debit,,,,,,,
ec_eri_4305,OTRAS RENTAS,4305,ec_eri_43,credit-debit,,,,,,,
ec_eri_52,GASTOS,52,ec_eri_5,credit-debit,,True,,,,,
ec_eri_5201,GASTOS DE VENTA,5201,ec_eri_52,credit-debit,,,,,,,
ec_eri_520101,"SUELDOS, SALARIOS Y DEMÁS REMUNERACIONES",520101,ec_eri_5201,credit-debit,,,,,,,
ec_eri_520102,APORTES A LA SEGURIDAD SOCIAL (incluido fondo de reserva),520102,ec_eri_5201,credit-debit,,,,,,,
ec_eri_520103,BENEFICIOS SOCIALES E INDEMNIZACIONES,520103,ec_eri_5201,credit-debit,,,,,,,
ec_eri_520104,GASTO PLANES DE BENEFICIOS A EMPLEADOS,520104,ec_eri_5201,credit-debit,,,,,,,
ec_eri_520105,"HONORARIOS, COMISIONES Y DIETAS A PERSONAS NATURALES",520105,ec_eri_5201,credit-debit,,,,,,,
ec_eri_520106,REMUNERACIONES A OTROS TRABAJADORES AUTÓNOMOS,520106,ec_eri_5201,credit-debit,,,,,,,
ec_eri_520107,HONORARIOS A EXTRANJEROS POR SERVICIOS OCASIONALES,520107,ec_eri_5201,credit-debit,,,,,,,
ec_eri_520108,MANTENIMIENTO Y REPARACIONES,520108,ec_eri_5201,credit-debit,,,,,,,
ec_eri_520109,ARRENDAMIENTO OPERATIVO,520109,ec_eri_5201,credit-debit,,,,,,,
ec_eri_520110,COMISIONES,520110,ec_eri_5201,credit-debit,,,,,,,
ec_eri_520111,PROMOCIÓN Y PUBLICIDAD,520111,ec_eri_5201,credit-debit,,,,,,,
ec_eri_520112,COMBUSTIBLES,520112,ec_eri_5201,credit-debit,,,,,,,
ec_eri_520113,LUBRICANTES,520113,ec_eri_5201,credit-debit,,,,,,,
ec_eri_520114,SEGUROS Y REASEGUROS (primas y cesiones),520114,ec_eri_5201,credit-debit,,,,,,,
ec_eri_520115,TRANSPORTE,520115,ec_eri_5201,credit-debit,,,,,,,
ec_eri_520116,"GASTOS DE GESTIÓN (agasajos a accionistas, trabajadores y clientes)",520116,ec_eri_5201,credit-debit,,,,,,,
ec_eri_520117,GASTOS DE VIAJE,520117,ec_eri_5201,credit-debit,,,,,,,
ec_eri_520118,"AGUA, ENERGÍA, LUZ, Y TELECOMUNICACIONES",520118,ec_eri_5201,credit-debit,,,,,,,
ec_eri_520119,NOTARIOS Y REGISTRADORES DE LA PROPIEDAD O MERCANTILES,520119,ec_eri_5201,credit-debit,,,,,,,
ec_eri_520120,"IMPUESTOS, CONTRIBUCIONES Y OTROS",520120,ec_eri_5201,credit-debit,,,,,,,
ec_eri_520121,DEPRECIACIONES:,520121,ec_eri_5201,credit-debit,,,,,,,
ec_eri_52012101,"PROPIEDADES, PLANTA Y EQUIPO",52012101,ec_eri_520121,credit-debit,,,,,,,
ec_eri_52012102,PROPIEDADES DE INVERSIÓN,52012102,ec_eri_520121,credit-debit,,,,,,,
ec_eri_520122,AMORTIZACIONES:,520122,ec_eri_5201,credit-debit,,,,,,,
ec_eri_52012201,INTANGIBLES,52012201,ec_eri_520122,credit-debit,,,,,,,
ec_eri_52012202,OTROS ACTIVOS,52012202,ec_eri_520122,credit-debit,,,,,,,
ec_eri_520123,GASTO DETERIORO:,520123,ec_eri_5201,credit-debit,,,,,,,
ec_eri_5202,GASTOS ADMINISTRATIVOS,5202,ec_eri_52,credit-debit,,,,,,,- 
ec_eri_520201,"SUELDOS, SALARIOS Y DEMÁS REMUNERACIONES",520201,ec_eri_5202,credit-debit,,,,,,,
ec_eri_520202,APORTES A LA SEGURIDAD SOCIAL (incluido fondo de reserva),520202,ec_eri_5202,credit-debit,,,,,,,
ec_eri_520203,BENEFICIOS SOCIALES E INDEMNIZACIONES,520203,ec_eri_5202,credit-debit,,,,,,,
ec_eri_520204,GASTO PLANES DE BENEFICIOS A EMPLEADOS,520204,ec_eri_5202,credit-debit,,,,,,,
ec_eri_520205,"HONORARIOS, COMISIONES Y DIETAS A PERSONAS NATURALES",520205,ec_eri_5202,credit-debit,,,,,,,
ec_eri_520206,REMUNERACIONES A OTROS TRABAJADORES AUTÓNOMOS,520206,ec_eri_5202,credit-debit,,,,,,,
ec_eri_520207,HONORARIOS A EXTRANJEROS POR SERVICIOS OCASIONALES,520207,ec_eri_5202,credit-debit,,,,,,,
ec_eri_520208,MANTENIMIENTO Y REPARACIONES,520208,ec_eri_5202,credit-debit,,,,,,,
ec_eri_520209,ARRENDAMIENTO OPERATIVO,520209,ec_eri_5202,credit-debit,,,,,,,
ec_eri_520210,COMISIONES,520210,ec_eri_5202,credit-debit,,,,,,,
ec_eri_520211,PROMOCIÓN Y PUBLICIDAD,520211,ec_eri_5202,credit-debit,,,,,,,
ec_eri_520212,COMBUSTIBLES,520212,ec_eri_5202,credit-debit,,,,,,,
ec_eri_520213,LUBRICANTES,520213,ec_eri_5202,credit-debit,,,,,,,
ec_eri_520214,SEGUROS Y REASEGUROS (primas y cesiones),520214,ec_eri_5202,credit-debit,,,,,,,
ec_eri_520215,TRANSPORTE,520215,ec_eri_5202,credit-debit,,,,,,,
ec_eri_520216,"GASTOS DE GESTIÓN (agasajos a accionistas, trabajadores y clientes)",520216,ec_eri_5202,credit-debit,,,,,,,
ec_eri_520217,GASTOS DE VIAJE,520217,ec_eri_5202,credit-debit,,,,,,,
ec_eri_520218,"AGUA, ENERGÍA, LUZ, Y TELECOMUNICACIONES",520218,ec_eri_5202,credit-debit,,,,,,,
ec_eri_520219,NOTARIOS Y REGISTRADORES DE LA PROPIEDAD O MERCANTILES,520219,ec_eri_5202,credit-debit,,,,,,,
ec_eri_520220,"IMPUESTOS, CONTRIBUCIONES Y OTROS",520220,ec_eri_5202,credit-debit,,,,,,,
ec_eri_520221,DEPRECIACIONES:,520221,ec_eri_5202,credit-debit,,,,,,,- 
ec_eri_52022101,"PROPIEDADES, PLANTA Y EQUIPO",52022101,ec_eri_520221,credit-debit,,,,,,,
ec_eri_52022102,PROPIEDADES DE INVERSIÓN,52022102,ec_eri_520221,credit-debit,,,,,,,
ec_eri_520222,AMORTIZACIONES:,520222,ec_eri_5202,credit-debit,,,,,,,- 
ec_eri_52022201,INTANGIBLES,52022201,ec_eri_520222,credit-debit,,,,,,,
ec_eri_52022202,OTROS ACTIVOS,52022202,ec_eri_520222,credit-debit,,,,,,,
ec_eri_520223,GASTO DETERIORO:,520223,ec_eri_5202,credit-debit,,,,,,,- 
ec_eri_52022301,"PROPIEDADES, PLANTA Y EQUIPO",52022301,ec_eri_520223,credit-debit,,,,,,,
ec_eri_52022302,INVENTARIOS,52022302,ec_eri_520223,credit-debit,,,,,,,
ec_eri_52022303,INSTRUMENTOS FINANCIEROS,52022303,ec_eri_520223,credit-debit,,,,,,,
ec_eri_52022304,INTANGIBLES,52022304,ec_eri_520223,credit-debit,,,,,,,
ec_eri_52022305,CUENTAS POR COBRAR,52022305,ec_eri_520223,credit-debit,,,,,,,
ec_eri_52022306,OTROS ACTIVOS,52022306,ec_eri_520223,credit-debit,,,,,,,
ec_eri_520224,GASTOS POR CANTIDADES ANORMALES DE UTILIZACION EN EL PROCESO DE PRODUCCIÓN:,520224,ec_eri_5202,credit-debit,,,,,,,- 
ec_eri_52022401,MANO DE OBRA,52022401,ec_eri_520224,credit-debit,,,,,,,
ec_eri_52022402,MATERIALES,52022402,ec_eri_520224,credit-debit,,,,,,,
ec_eri_52022403,COSTOS DE PRODUCCION,52022403,ec_eri_520224,credit-debit,,,,,,,
ec_eri_520225,GASTO POR REESTRUCTURACION,520225,ec_eri_5202,credit-debit,,,,,,,
ec_eri_520226,VALOR NETO DE REALIZACION DE INVENTARIOS,520226,ec_eri_5202,credit-debit,,,,,,,
ec_eri_520227,GASTO IMPUESTO A LA RENTA (ACTIVOS Y PASIVOS DIFERIDOS),520227,ec_eri_5202,credit-debit,,,,,,,
ec_eri_520228,OTROS GASTOS,520228,ec_eri_5202,credit-debit,,,,,,,
ec_eri_5203,GASTOS FINANCIEROS,5203,ec_eri_52,credit-debit,,,,,,,
ec_eri_520301,INTERESES,520301,ec_eri_5203,credit-debit,,,,,,,
ec_eri_520302,COMISIONES,520302,ec_eri_5203,credit-debit,,,,,,,
ec_eri_520303,GASTOS DE FINANCIAMIENTO DE ACTIVOS,520303,ec_eri_5203,credit-debit,,,,,,,
ec_eri_520304,DIFERENCIA EN CAMBIO,520304,ec_eri_5203,credit-debit,,,,,,,
ec_eri_520305,OTROS GASTOS FINANCIEROS,520305,ec_eri_5203,credit-debit,,,,,,,
ec_eri_5204,OTROS GASTOS,5204,ec_eri_52,credit-debit,,,,,,,
ec_eri_520401,PERDIDA EN INVERSIONES EN ASOCIADAS / SUBSIDIARIAS Y OTRAS,520401,ec_eri_5204,credit-debit,,,,,,,
ec_eri_520402,OTROS,520402,ec_eri_5204,credit-debit,,,,,,,
ec_eri_60,GANANCIA (PÉRDIDA) ANTES DE 15% A TRABAJADORES E IMPUESTO A LA RENTA DE OPERACIONES CONTINUADAS,60,ec_eri,credit-debit,,,,,,,
ec_eri_61,15% PARTICIPACIÓN TRABAJADORES,61,ec_eri,credit-debit,,,,,,,
ec_eri_62,GANANCIA (PÉRDIDA) ANTES DE IMPUESTOS,62,ec_eri,credit-debit,,,,,,,
ec_eri_63,IMPUESTO A LARENTA CAUSADO,63,ec_eri,credit-debit,,,,,,,
ec_eri_64,GANANCIA (PÉRDIDA) DE OPERACIONES CONTINUADAS ANTES DEL IMPUESTO DIFERIDO,64,ec_eri,credit-debit,,,,,,,
ec_eri_65,(-) GASTO POR IMPUESTO DIFERIDO,65,ec_eri,credit-debit,,,,,,,
ec_eri_66,(+) INGRESO POR IMPUESTO DIFERIDO,66,ec_eri,credit-debit,,,,,,,
ec_eri_67,GANANCIA (PERDIDA) DE OPERACIONES CONTINUADAS,67,ec_eri,credit-debit,,,,,,,
ec_eri_71,INGRESOS POR OPERACIONES DISCONTINUADAS,71,ec_eri,credit-debit,,,,,,,
ec_eri_72,GASTOS POR OPERACIONES DISCONTINUADAS,72,ec_eri,credit-debit,,,,,,,
ec_eri_73,GANANCIA (PÉRDIDA) ANTES DE 15% A TRABAJADORES E IMPUESTO A LA RENTA DE OPERACIONES DISCONTINUADAS,73,ec_eri,credit-debit,,,,,,,
ec_eri_74,15% PARTICIPACIÓN TRABAJADORES,74,ec_eri,credit-debit,,,,,,,
ec_eri_75,GANANCIA (PÉRDIDA) ANTES DE IMPUESTOS DE OPERACIONES DISCONTINUADAS,75,ec_eri,credit-debit,,,,,,,
ec_eri_76,IMPUESTO A LARENTA CAUSADO,76,ec_eri,credit-debit,,,,,,,
ec_eri_77,GANANCIA (PÉRDIDA) DE OPERACIONES DISCONTINUADAS,77,ec_eri,credit-debit,,,,,,,
ec_eri_79,GANANCIA (PÉRDIDA) NETA DEL PERIODO,79,ec_eri,credit-debit,,,,,,,
ec_eri_8,OTRO RESULTADO INTEGRAL,8,ec_eri,credit-debit,,,,,,,
ec_eri_81,COMPONENTES DEL OTRO RESULTADO INTEGRAL,81,ec_eri_8,credit-debit,,,,,,,
ec_eri_8101,DIFERENCIA DE CAMBIO POR CONVERSIÓN,8101,ec_eri_81,credit-debit,,,,,,,
ec_eri_8102,VALUACION DE ACTIVOS FINANCIEROS DISPONIBLES PARA LA VENTA,8102,ec_eri_81,credit-debit,,,,,,,
ec_eri_8103,"GANANCIAS POR REVALUACIÓN DE PROPIEDADES, PLANTA  Y EQUIPO",8103,ec_eri_81,credit-debit,,,,,,,
ec_eri_8104,GANANCIAS (PÉRDIDAS) ACTUARIALES POR PLANES DE BENEFICIOS DEFINIDOS,8104,ec_eri_81,credit-debit,,,,,,,
ec_eri_8105,REVERSION DEL DETERIORO (PÉRDIDA POR DETERIORO) DE UN ACTIVO REVALUADO,8105,ec_eri_81,credit-debit,,,,,,,
ec_eri_8106,PARTICIPACION DE OTRO RESULTADO INTEGRAL DE ASOCIADAS,8106,ec_eri_81,credit-debit,,,,,,,
ec_eri_8107,IMPUESTO SOBRE LAS GANANCIAS RELATIVO A OTRO RESULTADO INTEGRAL,8107,ec_eri_81,credit-debit,,,,,,,
ec_eri_8108,OTROS (DETALLAR EN NOTAS),8108,ec_eri_81,credit-debit,,,,,,,
ec_eri_82,RESULTADO INTEGRAL TOTAL DEL AÑO,82,ec_eri_8,credit-debit,,,,,,,
ec_eri_90,GANANCIA POR ACCION (SÓLO EMPRESAS QUE COTIZAN EN BOLSA):,90,ec_eri,credit-debit,,,,,,,
ec_eri_9001,Ganancia por acción básica,9001,ec_eri_90,credit-debit,,,,,,,
ec_eri_900101,Ganancia por acción básica en operaciones continuadas,900101,ec_eri_9001,credit-debit,,,,,,,
ec_eri_900102,Ganancia por acción básica en operaciones discontinuadas,900102,ec_eri_9001,credit-debit,,,,,,,
ec_eri_9002,Ganancia por acción diluída,9002,ec_eri_90,credit-debit,,,,,,,
ec_eri_900201,Ganancia por acción diluída en operaciones continuadas,900201,ec_eri_9002,credit-debit,,,,,,,
ec_eri_900202,Ganancia por acción diluída en operaciones discontinuadas,900202,ec_eri_9002,credit-debit,,,,,,,
