id,name,code,parent,kind,type,reconcile,deferral,party_required,,,
pc,PLAN DE CUENTAS NIIF ECUADOR,,,view,ec,,,,,,
pc_1,ACTIVO,1,pc,view,,,,,,,
pc_101,ACTIVO CORRIENTE,101,pc_1,view,,,,,,,
pc_10101,EFECTIVO Y EQUIVALENTES AL EFECTIVO,10101,pc_101,view,,,,,,,
pc_1010101,DISPONIBLE,1010101,pc_10101,view,,,,,,,
pc_101010101,CAJA GENERAL,101010101,pc_1010101,other,ec_esf_10101,True,True,False,,,
pc_101010102,CAJA CHICA,101010102,pc_1010101,view,,,,,,,
pc_10101010201,CAJA CHICA 1,10101010201,pc_101010102,other,ec_esf_10101,True,True,False,,,
pc_10101010202,CAJA CHICA 2,10101010202,pc_101010102,other,ec_esf_10101,True,True,False,,,
pc_101010103,EFECTOS DE COBRO INMEDIATO (CHEQUES),101010103,pc_1010101,other,ec_esf_10101,True,True,False,,,
pc_101010104,EFECTOS DE COBRO INMEDIATO (TARJETAS DE CRÉDITO),101010104,pc_1010101,other,ec_esf_10101,True,True,False,,,
pc_101010105,BANCOS,101010105,pc_1010101,view,,,,,,,
pc_10101010501,BANCO 1,10101010501,pc_101010105,other,ec_esf_10101,True,True,False,,,
pc_10101010502,BANCO 2,10101010502,pc_101010105,other,ec_esf_10101,True,True,False,,,
pc_101010106,FONDO ROTATIVO,101010106,pc_1010101,other,ec_esf_10101,True,True,False,,,
pc_101010107,INVERSIONES TEMPORALES,101010107,pc_1010101,other,ec_esf_10101,True,True,False,,,
pc_10102,ACTIVOS FINANCIEROS,10102,pc_101,view,,,,,,,
pc_1010201,ACTIVOS FINANCIEROS A VALOR RAZONABLE CON CAMBIOS EN RESULTADOS,1010201,pc_10102,other,ec_esf_1010201,False,True,False,,,
pc_1010202,ACTIVOS FINANCIEROS DISPONIBLES PARA LA VENTA,1010202,pc_10102,other,ec_esf_1010202,False,True,False,,,
pc_1010203,ACTIVOS FINANCIEROS MANTENIDOS HASTA EL VENCIMIENTO,1010203,pc_10102,other,ec_esf_1010203,False,True,False,,,
pc_1010204,(-) PROVISION POR DETERIORO,1010204,pc_10102,other,ec_esf_1010204,False,True,False,,,
pc_1010205,DOCUMENTOS Y CUENTAS POR COBRAR CLIENTES NO RELACIONADOS,1010205,pc_10102,view,,,,,,,
pc_101020501,DE ACTIVIDADES ORDINARIAS QUE GENEREN INTERESES,101020501,pc_1010205,view,,,,,,,
pc_10102050101,CARTERA DE CLIENTES NO RELACIONADOS,10102050101,pc_101020501,receivable,ec_esf_101020501,True,True,True,,,
pc_10102050102,CHEQUES DEVUELTOS / PROTESTADOS,10102050102,pc_101020501,receivable,ec_esf_101020501,True,True,True,,,
pc_101020502,DE ACTIVIDADES ORDINARIAS QUE NO GENEREN INTERESES,101020502,pc_1010205,view,,,,,,,
pc_10102050201,CARTERA DE CLIENTES NO RELACIONADOS,10102050201,pc_101020502,receivable,ec_esf_101020502,True,True,True,,,
pc_10102050202,CHEQUES DEVUELTOS / PROTESTADOS,10102050202,pc_101020502,receivable,ec_esf_101020502,True,True,True,,,
pc_1010206,DOCUMENTOS Y CUENTAS POR COBRAR CLIENTES RELACIONADOS,1010206,pc_10102,receivable,ec_esf_1010206,True,True,True,,,
pc_1010207,OTRAS CUENTAS POR COBRAR RELACIONADAS,1010207,pc_10102,receivable,ec_esf_1010207,True,True,True,,,
pc_1010208,OTRAS CUENTAS POR COBRAR,1010208,pc_10102,view,,,,,,,
pc_101020801,RETENCIONES POR COBRAR,101020801,pc_1010208,receivable,ec_esf_1010208,True,True,True,,,
pc_101020802,PRESTAMOS A EMPLEADOS,101020802,pc_1010208,receivable,ec_esf_1010208,True,True,True,,,
pc_101020803,CUENTAS POR COBRAR VARIAS,101020803,pc_1010208,receivable,ec_esf_1010208,True,True,True,,,
pc_101020804,SERVICIOS Y OTROS PAGOS ANTICIPADOS,101020804,pc_1010208,receivable,ec_esf_1010208,True,True,True,,,
pc_101020805,ANTICIPO SUELDOS EMPLEADOS,101020805,pc_1010208,receivable,ec_esf_1010208,True,True,True,,,
pc_101020806,ANTICIPO DE VIATICOS,101020806,pc_1010208,receivable,ec_esf_1010208,True,True,True,,,
pc_1010209,(-) PROVISIÓN CUENTAS INCOBRABLES Y DETERIORO,1010209,pc_10102,receivable,ec_esf_1010209,False,True,True,,,
pc_10103,INVENTARIOS,10103,pc_101,view,,,,,,,
pc_1010301,INVENTARIOS DE MATERIA PRIMA,1010301,pc_10103,other,ec_esf_1010301,True,True,False,,,
pc_1010302,INVENTARIOS DE PRODUCTOS EN PROCESO,1010302,pc_10103,other,ec_esf_1010302,True,True,False,,,
pc_1010303,INVENTARIOS DE SUMINISTROS O MATERIALES A SER CONSUMIDOS EN EL PROCESO DE PRODUCCION,1010303,pc_10103,other,ec_esf_1010303,True,True,False,,,
pc_1010305,INVENTARIOS DE PROD. TERM. Y MERCAD. EN ALMACÉN - PRODUCIDO POR LA COMPAÑÍA,1010305,pc_10103,other,ec_esf_1010305,True,True,False,,,
pc_1010307,MERCADERÍAS EN TRÁNSITO,1010307,pc_10103,other,ec_esf_1010307,True,True,False,,,
pc_1010308,OBRAS EN CONSTRUCCION,1010308,pc_10103,other,ec_esf_1010308,True,True,False,,,
pc_1010309,OBRAS TERMINADAS,1010309,pc_10103,other,ec_esf_1010309,True,True,False,,,
pc_1010310,MATERIALES O BIENES PARA LA CONSTRUCCION,1010310,pc_10103,other,ec_esf_1010310,True,True,False,,,
pc_1010311,"INVENTARIOS REPUESTOS, HERRAMIENTAS Y ACCESORIOS",1010311,pc_10103,other,ec_esf_1010311,True,True,False,,,
pc_1010312,OTROS INVENTARIOS,1010312,pc_10103,other,ec_esf_1010312,True,True,False,,,
pc_1010313,(-) PROVISIÓN POR VALOR NETO DE REALIZACIÓN Y OTRAS PERDIDAS EN INVENTARIO,1010313,pc_10103,other,ec_esf_1010313,True,True,False,,,
pc_10104,SERVICIOS Y OTROS PAGOS ANTICIPADOS,10104,pc_101,view,,,,,,,
pc_1010401,SEGUROS PAGADOS POR ANTICIPADO,1010401,pc_10104,other,ec_esf_1010401,True,True,False,,,
pc_1010402,ARRIENDOS PAGADOS POR ANTICIPADO,1010402,pc_10104,other,ec_esf_1010402,True,True,False,,,
pc_1010403,ANTICIPOS A PROVEEDORES,1010403,pc_10104,view,,,,,,,
pc_101040301,ANTICIPO A PROVEEDORES NACIONALES,101040301,pc_1010403,other,ec_esf_1010403,True,True,False,,,
pc_101040302,ANTICIPO PROVEEDORES EXTRANJEROS,101040302,pc_1010403,other,ec_esf_1010403,True,True,False,,,
pc_1010404,OTROS ANTICIPOS ENTREGADOS,1010404,pc_10104,other,ec_esf_1010404,True,True,False,,,
pc_10105,ACTIVOS POR IMPUESTOS CORRIENTES,10105,pc_101,view,,,,,,,
pc_1010501,CRÉDITO TRIBUTARIO A FAVOR DE LA EMPRESA (IVA),1010501,pc_10105,other,ec_esf_1010501,True,True,False,,,
pc_1010502,CRÉDITO TRIBUTARIO A FAVOR DE LA EMPRESA ( I. R.),1010502,pc_10105,other,ec_esf_1010502,True,True,False,,,
pc_1010503,ANTICIPO DE IMPUESTO A LA RENTA,1010503,pc_10105,other,ec_esf_1010503,True,True,False,,,
pc_10106,ACTIVOS NO CORRIENTES MANTENIDOS PARA LA VENTA Y OPERACIONES DISCONTINUADAS,10106,pc_101,other,ec_esf_10106,True,True,False,,,
pc_10107,CONSTRUCCIONES EN PROCESO (NIC 11 Y SECC.23 PYMES),10107,pc_101,other,ec_esf_10107,True,True,False,,,
pc_10108,OTROS ACTIVOS CORRIENTES,10108,pc_101,other,ec_esf_10108,True,True,False,,,
pc_1010801,IMPUESTOS FISCALES,1010801,pc_10108,view,,,,,,,
pc_101080101,IVA PAGADO (IVA COMPRAS) (529-104),101080101,pc_1010801,other,ec_esf_10108,True,True,False,,,
pc_102,ACTIVO NO CORRIENTE,102,pc_1,view,,,,,,,
pc_10201,"PROPIEDADES, PLANTA Y EQUIPO",10201,pc_102,view,,,,,,,
pc_1020101,TERRENOS,1020101,pc_10201,view,,,,,,,
pc_102010101,TERRENO 1,102010101,pc_1020101,other,ec_esf_1020101,True,True,False,,,
pc_1020102,EDIFICIOS,1020102,pc_10201,view,,,,,,,
pc_102010201,EDIFICIO 1,102010201,pc_1020102,other,ec_esf_1020102,True,True,False,,,
pc_1020103,CONSTRUCCIONES EN CURSO,1020103,pc_10201,other,ec_esf_1020103,True,True,False,,,
pc_1020104,INSTALACIONES,1020104,pc_10201,other,ec_esf_1020104,True,True,False,,,
pc_1020105,MUEBLES Y ENSERES,1020105,pc_10201,other,ec_esf_1020105,True,True,False,,,
pc_1020106,MAQUINARIA Y EQUIPO,1020106,pc_10201,other,ec_esf_1020106,True,True,False,,,
pc_1020107,"NAVES, AERONAVES, BARCAZAS Y SIMILARES",1020107,pc_10201,other,ec_esf_1020107,True,True,False,,,
pc_1020108,EQUIPO DE COMPUTACIÓN,1020108,pc_10201,other,ec_esf_1020108,True,True,False,,,
pc_1020109,"VEHÍCULOS, EQUIPOS DE TRANSPORTE Y EQUIPO CAMINERO MÓVIL",1020109,pc_10201,other,ec_esf_1020109,True,True,False,,,
pc_1020110,"OTROS PROPIEDADES, PLANTA Y EQUIPO",1020110,pc_10201,other,ec_esf_1020110,True,True,False,,,
pc_1020111,REPUESTOS Y HERRAMIENTAS,1020111,pc_10201,other,ec_esf_1020111,True,True,False,,,
pc_1020112,"(-) DEPRECIACIÓN ACUMULADA PROPIEDADES, PLANTA Y EQUIPO",1020112,pc_10201,other,ec_esf_1020112,True,True,False,,,
pc_1020113,"(-) DETERIORO  ACUMULADO DE PROPIEDADES, PLANTA Y EQUIPO",1020113,pc_10201,other,ec_esf_1020113,True,True,False,,,
pc_1020114,ACTIVOS DE EXPLORACION Y EXPLOTACION,1020114,pc_10201,view,,,,,,,
pc_102011401,ACTIVOS DE EXPLORACION Y EXPLOTACION,102011401,pc_1020114,other,ec_esf_102011401,True,True,False,,,
pc_102011402,(-) AMORTIZACION ACUMULADA DE ACTIVOS DE EXPLORACIÓN Y EXPLOTACIÓN,102011402,pc_1020114,other,ec_esf_102011402,True,True,False,,,
pc_102011403,(-) DETERIORO  ACUMULADO DE ACTIVOS DE EXPLORACIÓN Y EXPLOTACIÓN,102011403,pc_1020114,other,ec_esf_102011403,True,True,False,,,
pc_10202,PROPIEDADES DE INVERSIÓN,10202,pc_102,view,,,,,,,
pc_1020201,TERRENOS,1020201,pc_10202,other,ec_esf_1020201,True,True,False,,,
pc_1020202,EDIFICIOS,1020202,pc_10202,other,ec_esf_1020202,True,True,False,,,
pc_1020203,(-) DEPRECIACION ACUMULADA DE PROPIEDADES DE INVERSIÓN,1020203,pc_10202,other,ec_esf_1020203,True,True,False,,,
pc_1020204,(-) DETERIORO ACUMULADO DE PROPIEDADES DE INVERSIÓN,1020204,pc_10202,other,ec_esf_11020204,True,True,False,,,
pc_10203,ACTIVOS BIOLOGICOS,10203,pc_102,view,,,,,,,
pc_1020301,ANIMALES VIVOS EN CRECIMIENTO,1020301,pc_10203,other,ec_esf_1020301,True,True,False,,,
pc_1020302,ANIMALES VIVOS EN PRODUCCION,1020302,pc_10203,other,ec_esf_1020302,True,True,False,,,
pc_1020303,PLANTAS EN CRECIMIENTO,1020303,pc_10203,other,ec_esf_1020303,True,True,False,,,
pc_1020304,PLANTAS EN PRODUCCION,1020304,pc_10203,other,ec_esf_1020304,True,True,False,,,
pc_1020305,(-) DEPRECIACION ACUMULADA DE ACTIVOS BIOLÓGICOS,1020305,pc_10203,other,ec_esf_1020305,True,True,False,,,
pc_1020306,(-) DETERIORO ACUMULADO DE ACTIVOS BIOLOGÍCOS,1020306,pc_10203,other,ec_esf_1020306,True,True,False,,,
pc_10204,ACTIVO INTANGIBLE,10204,pc_102,view,,,,,,,
pc_1020401,PLUSVALÍAS,1020401,pc_10204,other,ec_esf_1020401,True,True,False,,,
pc_1020402,"MARCAS, PATENTES, DERECHOS DE LLAVE , CUOTAS PATRIMONIALES Y OTROS SIMILARES",1020402,pc_10204,other,ec_esf_1020402,True,True,False,,,
pc_1020403,ACTIVOS DE EXPLORACION Y EXPLOTACION,1020403,pc_10204,other,ec_esf_1020403,True,True,False,,,
pc_1020404,(-) AMORTIZACIÓN ACUMULADA DE ACTIVOS INTANGIBLE,1020404,pc_10204,other,ec_esf_1020404,True,True,False,,,
pc_1020405,(-) DETERIORO ACUMULADO DE ACTIVO INTANGIBLE,1020405,pc_10204,other,ec_esf_1020405,True,True,False,,,
pc_1020406,OTROS INTANGIBLES,1020406,pc_10204,other,ec_esf_1020406,True,True,False,,,
pc_10205,ACTIVOS POR IMPUESTOS DIFERIDOS,10205,pc_102,other,ec_esf_10205,True,True,False,,,
pc_10206,ACTIVOS FINANCIEROS NO CORRIENTES,10206,pc_102,view,,,,,,,
pc_1020601,ACTIVOS FINANCIEROS MANTENIDOS HASTA EL VENCIMIENTO,1020601,pc_10206,other,ec_esf_1020601,True,True,False,,,
pc_1020602,(-) PROVISION POR DETERIORO DE ACTIVOS FINANCIEROS MANTENIDOS HASTA EL VENCIMIENTO,1020602,pc_10206,other,ec_esf_1020602,True,True,False,,,
pc_1020603,DOCUMENTOS Y CUENTAS POR COBRAR,1020603,pc_10206,other,ec_esf_1020603,True,True,False,,,
pc_1020604,(-) PROVISIÓN CUENTAS INCOBRABLES DE ACTIVOS FINANCIEROS NO CORRIENTES,1020604,pc_10206,other,ec_esf_1020604,True,True,False,,,
pc_10207,OTROS ACTIVOS NO CORRIENTES,10207,pc_102,view,,,,,,,
pc_1020701,INVERSIONES SUBSIDIARIAS,1020701,pc_10207,other,ec_esf_1020701,True,True,False,,,
pc_1020702,INVERSIONES ASOCIADAS,1020702,pc_10207,other,ec_esf_1020702,True,True,False,,,
pc_1020703,INVERSIONES NEGOCIOS CONJUNTOS,1020703,pc_10207,other,ec_esf_1020703,True,True,False,,,
pc_1020704,OTRAS INVERSIONES,1020704,pc_10207,other,ec_esf_1020704,True,True,False,,,
pc_1020705,(-) PROVISIÓN VALUACIÓN DE INVERSIONES,1020705,pc_10207,other,ec_esf_1020705,True,True,False,,,
pc_1020706,OTROS ACTIVOS NO CORRIENTES,1020706,pc_10207,other,ec_esf_1020706,False,True,False,,,
pc_2,PASIVO,2,pc,view,,,,,,,
pc_201,PASIVO CORRIENTE,201,pc_2,view,,,,,,,
pc_20101,PASIVOS FINANCIEROS A VALOR RAZONABLE CON CAMBIOS EN RESULTADOS,20101,pc_201,payable,ec_esf_20101,False,True,True,,,
pc_20102,PASIVOS POR CONTRATOS DE ARRENDAMIENTO FINANCIEROS,20102,pc_201,payable,ec_esf_20102,False,True,True,,,
pc_20103,CUENTAS Y DOCUMENTOS POR PAGAR,20103,pc_201,view,,,,,,,
pc_2010301,PROVEEDORES LOCALES,2010301,pc_20103,view,,,,,,,
pc_201030101,CUENTAS POR PAGAR PROVEEDORES,201030101,pc_2010301,payable,ec_esf_2010301,True,True,True,,,
pc_201030102,NOMINAS POR PAGAR,201030102,pc_2010301,payable,ec_esf_2010301,True,True,True,,,
pc_2010302,PROVEEDORES DEL EXTERIOR,2010302,pc_20103,payable,ec_esf_2010302,True,True,True,,,
pc_20104,OBLIGACIONES CON INSTITUCIONES FINANCIERAS,20104,pc_201,view,,,,,,,
pc_2010401,LOCALES,2010401,pc_20104,payable,ec_esf_2010401,True,True,True,,,
pc_2010402,DEL EXTERIOR,2010402,pc_20104,payable,ec_esf_2010402,True,True,True,,,
pc_20105,PROVISIONES,20105,pc_201,view,,,,,,,
pc_2010501,LOCALES,2010501,pc_20105,payable,ec_esf_2010501,True,True,True,,,
pc_2010502,DEL EXTERIOR,2010502,pc_20105,payable,ec_esf_2010502,True,True,True,,,
pc_20106,PORCIÓN CORRIENTE DE OBLIGACIONES EMITIDAS,20106,pc_201,payable,ec_esf_20106,False,True,True,,,
pc_20107,OTRAS OBLIGACIONES CORRIENTES,20107,pc_201,view,ec_esf_20107,False,True,True,,,
pc_2010701,CON LA ADMINISTRACIÓN TRIBUTARIA,2010701,pc_20107,view,,,,,,,
pc_201070201,IVA VENTAS POR PAGAR,201070101,pc_2010701,payable,ec_esf_2010701,False,True,True,,,
pc_201070202,RETENCIONES IMPUESTO A LA RENTA POR PAGAR,201070102,pc_2010701,payable,ec_esf_2010701,False,True,True,,,
pc_201070203,RETENCIONES IMPUESTO IVA POR PAGAR,201070103,pc_2010701,payable,ec_esf_2010701,False,True,True,,,
pc_2010702,IMPUESTO A LA RENTA POR PAGAR DEL EJERCICIO,2010702,pc_20107,payable,ec_esf_2010702,False,True,True,,,
pc_2010703,CON EL IESS (IESS POR PAGAR),2010703,pc_20107,view,,,,,,,
pc_201070301,APORTE INDIVIDUAL POR PAGAR (9.45%),201070301,pc_2010703,payable,ec_esf_2010703,False,True,True,,,
pc_201070302,APORTE PATRONAL POR PAGAR (12.15%),201070302,pc_2010703,payable,ec_esf_2010703,False,True,True,,,
pc_201070303,PRESTAMOS QUIROGRAFARIOS POR PAGAR,201070303,pc_2010703,payable,ec_esf_2010703,False,True,True,,,
pc_201070304,IECE POR PAGAR,201070304,pc_2010703,payable,ec_esf_2010703,False,True,True,,,
pc_201070305,SECAP POR PAGAR,201070305,pc_2010703,payable,ec_esf_2010703,False,True,True,,,
pc_201070306,PRESTAMOS HIPOTECARIOS POR PAGAR,201070306,pc_2010703,payable,ec_esf_2010703,False,True,True,,,
pc_201070307,EXTENSION DE SALUD CONYUGES POR PAGAR,201070307,pc_2010703,payable,ec_esf_2010703,False,True,True,,,
pc_2010704,POR BENEFICIOS DE LEY A EMPLEADOS,2010704,pc_20107,view,,,,,,,
pc_201070401,DECIMO TERCER SUELDO POR PAGAR,201070401,pc_2010704,payable,ec_esf_2010704,False,True,True,,,
pc_201070402,DECIMO CUARTO SUELDO POR PAGAR,201070402,pc_2010704,payable,ec_esf_2010704,False,True,True,,,
pc_201070403,FONDOS DE RESERVA POR PAGAR,201070403,pc_2010704,payable,ec_esf_2010704,False,True,True,,,
pc_201070404,VACACIONES,201070404,pc_2010704,payable,ec_esf_2010704,False,True,True,,,
pc_201070405,DESAHUCIO POR PAGAR,201070405,pc_2010704,payable,ec_esf_2010704,False,True,True,,,
pc_2010705,PARTICIPACIÓN TRABAJADORES POR PAGAR DEL EJERCICIO,2010705,pc_20107,payable,ec_esf_2010705,False,True,True,,,
pc_2010706,DIVIDENDOS POR PAGAR,2010706,pc_20107,view,,,,,,,
pc_201070601,ACCIONISTA/SOCIO 1,201070601,pc_2010706,payable,ec_esf_2010706,True,True,True,,,
pc_201070602,ACCIONISTA/SOCIO 2,201070602,pc_2010706,payable,ec_esf_2010706,True,True,True,,,
pc_20108,CUENTAS POR PAGAR DIVERSAS/RELACIONADAS,20108,pc_201,view,,,,,,,
pc_2010801,CUENTAS POR PAGAR ACCIONISTA/SOCIO 1,2010801,pc_20108,payable,ec_esf_20108,True,True,True,,,
pc_2010802,CUENTAS POR PAGAR ACCIONISTA/SOCIO 2,2010802,pc_20108,payable,ec_esf_20108,True,True,True,,,
pc_20109,OTROS PASIVOS FINANCIEROS,20109,pc_201,payable,ec_esf_20109,False,True,True,,,
pc_20110,ANTICIPOS DE CLIENTES,20110,pc_201,payable,ec_esf_20110,True,True,True,,,
pc_20111,PASIVOS DIRECTAMENTE ASOCIADOS CON LOS ACTIVOS NO CORRIENTES Y OPERACIONES DISCONTINUADAS,20111,pc_201,payable,ec_esf_20111,False,True,True,,,
pc_20112,PORCION CORRIENTE DE PROVISIONES POR BENEFICIOS A EMPLEADOS,20112,pc_201,view,,,,,,,
pc_2011201,JUBILACION PATRONAL,2011201,pc_20112,payable,ec_esf_2011201,True,True,True,,,
pc_2011202,OTROS BENEFICIOS A LARGO PLAZO PARA LOS EMPLEADOS,2011202,pc_20112,payable,ec_esf_2011202,False,True,True,,,
pc_20113,OTROS PASIVOS CORRIENTES,20113,pc_201,view,,,,,,,
pc_2011301,DEPOSITOS POR IDENTIFICAR,2011301,pc_20113,payable,ec_esf_20113,True,True,True,,,
pc_202,PASIVO NO CORRIENTE,202,pc_2,view,,,,,,,
pc_20201,PASIVOS POR CONTRATOS DE ARRENDAMIENTO FINANCIERO,20201,pc_202,payable,ec_esf_20201,False,True,True,,,
pc_20202,CUENTAS Y DOCUMENTOS POR PAGAR,20202,pc_202,view,,,,,,,
pc_2020201,PROVEEDORES LOCALES,2020201,pc_20202,payable,ec_esf_20202,True,True,True,,,
pc_2020202,PROVEEDORES DEL EXTERIOR,2020202,pc_20202,payable,ec_esf_20202,True,True,True,,,
pc_20203,OBLIGACIONES CON INSTITUCIONES FINANCIERAS,20203,pc_202,view,,,,,,,
pc_2020301,LOCALES,2020301,pc_20203,view,,,,,,,
pc_202030101,PRESTAMO BANCO 1,202030101,pc_2020301,payable,ec_esf_2020301,True,True,True,,,
pc_202030102,PRESTAMO BANCO 2,202030102,pc_2020301,payable,ec_esf_2020301,True,True,True,,,
pc_202030103,INTERESES BANCARIOS POR PAGAR,202030103,pc_2020301,payable,ec_esf_2020301,True,True,True,,,
pc_2020302,DEL EXTERIOR,2020302,pc_20203,payable,ec_esf_2020302,True,True,True,,,
pc_20204,CUENTAS POR PAGAR DIVERSAS/RELACIONADAS,20204,pc_202,view,,,,,,,
pc_2020401,LOCALES,2020401,pc_20204,payable,ec_esf_20204,True,True,True,,,
pc_2020402,DEL EXTERIOR,2020402,pc_20204,payable,ec_esf_20204,True,True,True,,,
pc_20205,OBLIGACIONES EMITIDAS,20205,pc_202,payable,ec_esf_20205,True,True,True,,,
pc_20206,ANTICIPOS DE CLIENTES,20206,pc_202,payable,ec_esf_20206,True,True,True,,,
pc_20207,PROVISIONES POR BENEFICIOS A EMPLEADOS,20207,pc_202,view,,,,,,,
pc_2020701,JUBILACION PATRONAL,2020701,pc_20207,payable,ec_esf_2020701,True,True,True,,,
pc_2020702,OTROS BENEFICIOS NO CORRIENTES PARA LOS EMPLEADOS,2020702,pc_20207,payable,ec_esf_2020702,False,True,True,,,
pc_20208,OTRAS PROVISIONES,20208,pc_202,payable,ec_esf_20208,False,True,True,,,
pc_20209,PASIVO DIFERIDO,20209,pc_202,view,,,,,,,
pc_2020901,INGRESOS DIFERIDOS,2020901,pc_20209,payable,ec_esf_2020901,True,True,True,,,
pc_2020902,PASIVOS POR IMPUESTOS DIFERIDOS,2020902,pc_20209,payable,ec_esf_2020902,True,True,True,,,
pc_20210,OTROS PASIVOS NO CORRIENTES,20210,pc_202,payable,ec_esf_20210,True,True,True,,,
pc_3,PATRIMONIO NETO,3,pc,view,,,,,,,
pc_301,CAPITAL,301,pc_3,view,,,,,,,
pc_30101,CAPITAL SUSCRITO O ASIGNADO,30101,pc_301,view,,,,,,,
pc_3010101,CAPITAL ACCIONISTA/SOCIO 1,3010101,pc_30101,other,ec_esf_30101,True,True,False,,,
pc_3010102,CAPITAL ACCIONISTA/SOCIO 2,3010102,pc_30101,other,ec_esf_30101,True,True,False,,,
pc_30102,"(-) CAPITAL SUSCRITO NO PAGADO, ACCIONES EN TESORERÍA",30102,pc_301,view,,,,,,,
pc_3010201,CAPITAL ACCIONISTA/SOCIO 1,3010201,pc_30102,other,ec_esf_30102,True,True,False,,,
pc_3010202,CAPITAL ACCIONISTA/SOCIO 2,3010202,pc_30102,other,ec_esf_30102,True,True,False,,,
pc_302,APORTES DE SOCIOS O ACCIONISTAS PARA FUTURA CAPITALIZACIÓN,302,pc_3,other,ec_esf_302,True,True,False,,,
pc_303,PRIMA POR EMISIÓN PRIMARIA DE ACCIONES,303,pc_3,other,ec_esf_303,False,True,False,,,
pc_304,RESERVAS,304,pc_3,view,,,,,,,
pc_30401,RESERVA LEGAL,30401,pc_304,other,ec_esf_30401,False,True,False,,,
pc_30402,RESERVAS FACULTATIVA Y ESTATUTARIA,30402,pc_304,other,ec_esf_30402,False,True,False,,,
pc_305,OTROS RESULTADOS INTEGRALES,305,pc_3,view,,,,,,,
pc_30501,SUPERAVIT DE ACTIVOS FINANCIEROS DISPONIBLES PARA LA VENTA,30501,pc_305,other,ec_esf_30501,False,True,False,,,
pc_30502,"SUPERAVIT POR REVALUACIÓN DE PROPIEDADES, PLANTA Y EQUIPO",30502,pc_305,other,ec_esf_30502,False,True,False,,,
pc_30503,SUPERAVIT POR REVALUACION DE ACTIVOS INTANGIBLES,30503,pc_305,other,ec_esf_30503,False,True,False,,,
pc_30504,OTROS SUPERAVIT POR REVALUACION,30504,pc_305,other,ec_esf_3504,False,True,False,,,
pc_306,RESULTADOS ACUMULADOS,306,pc_3,view,,,,,,,
pc_30601,GANANCIAS ACUMULADAS,30601,pc_306,other,ec_esf_30601,True,True,False,,,
pc_30602,(-) PÉRDIDAS ACUMULADAS,30602,pc_306,other,ec_esf_30602,True,True,False,,,
pc_30603,RESULTADOS ACUMULADOS PROVENIENTES DE LA ADOPCION POR PRIMERA VEZ DE LAS NIIF,30603,pc_306,other,ec_esf_30603,False,True,False,,,
pc_30604,RESERVA DE CAPITAL,30604,pc_306,other,ec_esf_30604,False,True,False,,,
pc_30605,RESERVA POR DONACIONES,30605,pc_306,other,ec_esf_30605,False,True,False,,,
pc_30606,RESERVA POR VALUACIÓN,30606,pc_306,other,ec_esf_30606,False,True,False,,,
pc_30607,SUPERÁVIT POR REVALUACIÓN DE INVERSIONES,30607,pc_306,other,ec_esf_30607,False,True,False,,,
pc_307,RESULTADOS DEL EJERCICIO,307,pc_3,view,,,,,,,
pc_30701,GANANCIA NETA DEL PERIODO,30701,pc_307,other,ec_esf_30701,False,True,False,,,
pc_30702,(-) PÉRDIDA NETA DEL PERIODO,30702,pc_307,other,ec_esf_30702,False,True,False,,,
pc_4,INGRESOS,4,pc,view,,,,,,,
pc_41,INGRESOS DE ACTIVIDADES ORDINARIAS,41,pc_4,view,,,,,,,
pc_4101,VENTA DE BIENES,4101,pc_41,revenue,ec_eri_4101,False,False,False,,,
pc_4102,PRESTACION DE SERVICIOS,4102,pc_41,revenue,ec_eri_4102,False,False,False,,,
pc_4103,CONTRATOS DE CONSTRUCCION,4103,pc_41,revenue,ec_eri_4103,False,False,False,,,
pc_4104,SUBVENCIONES DEL GOBIERNO,4104,pc_41,revenue,ec_eri_4104,False,False,False,,,
pc_4105,REGALÍAS,4105,pc_41,revenue,ec_eri_4105,False,False,False,,,
pc_4106,INTERESES,4106,pc_41,view,,,,,,,
pc_410601,INTERESES GENERADOS POR VENTAS A CREDITO,410601,pc_4106,revenue,ec_eri_410601,False,False,False,,,
pc_410602,OTROS INTERESES GENERADOS,410602,pc_4106,revenue,ec_eri_410602,False,False,False,,,
pc_4107,DIVIDENDOS,4107,pc_41,revenue,ec_eri_4107,True,False,False,,,
pc_4108,GANANCIA POR MEDICION A VALOR RAZONABLE  DE ACTIVOS BIOLOGICOS,4108,pc_41,revenue,ec_eri_4108,False,False,False,,,
pc_4109,OTROS INGRESOS DE ACTIVIDADES ORDINARIAS,4109,pc_41,revenue,ec_eri_4109,False,False,False,,,
pc_4110,(-) DESCUENTO EN VENTAS,4110,pc_41,revenue,ec_eri_4110,False,False,False,,,
pc_4111,(-) DEVOLUCIONES EN VENTAS,4111,pc_41,revenue,ec_eri_4111,False,False,False,,,
pc_4112,(-) BONIFICACIÓN EN PRODUCTO,4112,pc_41,revenue,ec_eri_4112,False,False,False,,,
pc_4113,(-) OTRAS REBAJAS COMERCIALES,4113,pc_41,revenue,ec_eri_4113,False,False,False,,,
pc_5,COSTOS Y GASTOS,5,pc,view,,,,,,,
pc_51,COSTO DE VENTAS Y PRODUCCIÓN,51,pc_5,view,,,,,,,
pc_5101,MATERIALES UTILIZADOS O PRODUCTOS VENDIDOS,5101,pc_51,view,,,,,,,
pc_510101,(+) INVENTARIO INICIAL DE BIENES NO PRODUCIDOS POR LA COMPAÑIA,510101,pc_5101,stock,ec_eri_510101,False,False,False,,,
pc_510102,(+) COMPRAS NETAS LOCALES DE BIENES NO PRODUCIDOS POR LA COMPAÑIA,510102,pc_5101,stock,ec_eri_510102,False,False,False,,,
pc_510103,(+) IMPORTACIONES DE BIENES NO PRODUCIDOS POR LA COMPAÑIA,510103,pc_5101,stock,ec_eri_510103,False,False,False,,,
pc_510104,(-) INVENTARIO FINAL DE BIENES NO PRODUCIDOS PORLA COMPAÑIA,510104,pc_5101,stock,ec_eri_510104,False,False,False,,,
pc_510105,(+) INVENTARIO INICIAL DE MATERIA PRIMA,510105,pc_5101,stock,ec_eri_510105,False,False,False,,,
pc_510106,(+) COMPRAS NETAS LOCALES DE MATERIA PRIMA,510106,pc_5101,stock,ec_eri_510106,False,False,False,,,
pc_510107,(+) IMPORTACIONES DE MATERIA PRIMA,510107,pc_5101,stock,ec_eri_510107,False,False,False,,,
pc_510108,(-) INVENTARIO FINAL DE MATERIA PRIMA,510108,pc_5101,stock,ec_eri_510108,False,False,False,,,
pc_510109,(+) INVENTARIO INICIAL DE PRODUCTOS EN PROCESO,510109,pc_5101,stock,ec_eri_510109,False,False,False,,,
pc_510110,(-) INVENTARIO FINAL DE PRODUCTOS EN PROCESO,510110,pc_5101,stock,ec_eri_510110,False,False,False,,,
pc_510111,(+) INVENTARIO INICIAL PRODUCTOS TERMINADOS,510111,pc_5101,stock,ec_eri_510111,False,False,False,,,
pc_510112,(-) INVENTARIO FINAL DE PRODUCTOS TERMINADOS,510112,pc_5101,stock,ec_eri_510112,False,False,False,,,
pc_5102,(+) MANO DE OBRA DIRECTA,5102,pc_51,view,,,,,,,
pc_510201,SUELDOS Y BENEFICIOS SOCIALES,510201,pc_5102,expense,ec_eri_510201,False,False,False,,,
pc_510202,GASTO PLANES DE BENEFICIOS A EMPLEADOS,510202,pc_5102,expense,ec_eri_510202,False,False,False,,,
pc_5103,(+) MANO DE OBRA INDIRECTA,5103,pc_51,view,,,,,,,
pc_510301,SUELDOS Y BENEFICIOS SOCIALES,510301,pc_5103,view,,,,,,,
pc_51030101,SUELDO BÁSICO,51030101,pc_510301,expense,ec_eri_510301,False,False,False,,,
pc_51030102,DECIMO TERCER SUELDO,51030102,pc_510301,expense,ec_eri_510301,False,False,False,,,
pc_51030103,DECIMO CUARTO SUELDO,51030103,pc_510301,expense,ec_eri_510301,False,False,False,,,
pc_51030104,FONDOS DE RESERVA,51030104,pc_510301,expense,ec_eri_510301,False,False,False,,,
pc_51030105,VACACIONES,51030105,pc_510301,expense,ec_eri_510301,False,False,False,,,
pc_51030106,DESAHUCIO,51030106,pc_510301,expense,ec_eri_510301,False,False,False,,,
pc_510302,GASTO PLANES DE BENEFICIOS A EMPLEADOS,510302,pc_5103,expense,ec_eri_510302,False,False,False,,,
pc_5104,(+) OTROS COSTOS INDIRECTOS DE FABRICACION,5104,pc_51,view,,,,,,,
pc_510401,"DEPRECIACIÓN PROPIEDADES, PLANTA Y EQUIPO",510401,pc_5104,expense,ec_eri_510401,False,False,False,,,
pc_510402,DETERIORO O PERDIDAS DE ACTIVOS BIOLOGICOS,510402,pc_5104,expense,ec_eri_510402,False,False,False,,,
pc_510403,"DETERIORO DE PROPIEDAD, PLANTA Y EQUIPO",510403,pc_5104,expense,ec_eri_510403,False,False,False,,,
pc_510404,EFECTO VALOR NETO DE REALIZACION DE INVENTARIOS,510404,pc_5104,expense,ec_eri_510404,False,False,False,,,
pc_510405,GASTO POR GARANTIAS EN VENTA DE PRODUCTOS O SERVICIOS,510405,pc_5104,expense,ec_eri_510405,False,False,False,,,
pc_510406,MANTENIMIENTO Y REPARACIONES,510406,pc_5104,expense,ec_eri_510406,False,False,False,,,
pc_510407,SUMINISTROS MATERIALES Y REPUESTOS,510407,pc_5104,view,,,,,,,
pc_51040701,SUMINISTROS DE OFICINA,51040701,pc_510407,expense,ec_eri_510407,False,False,False,,,
pc_51040702,SUMINISTROS DE LIMPIEZA,51040702,pc_510407,expense,ec_eri_510407,False,False,False,,,
pc_51040703,REPUESTOS DE VEHÍCULOS,51040703,pc_510407,expense,ec_eri_510407,False,False,False,,,
pc_510408,OTROS COSTOS DE PRODUCCIÓN,510408,pc_5104,view,,,,,,,
pc_51040801,COSTO DE VENTAS,51040801,pc_510408,expense,ec_eri_510408,False,False,False,,,
pc_42,GANANCIA BRUTA,42,pc_4,revenue,ec_eri_42,False,False,False,,,
pc_43,OTROS INGRESOS,43,pc_4,view,,,,,,,
pc_4301,DIVIDENDOS,4301,pc_43,revenue,ec_eri_4301,False,False,False,,,
pc_4302,INTERESES FINANCIEROS,4302,pc_43,revenue,ec_eri_4302,False,False,False,,,
pc_4303,GANANCIA EN INVERSIONES EN ASOCIADAS / SUBSIDIARIAS Y OTRAS,4303,pc_43,revenue,ec_eri_4303,False,False,False,,,
pc_4304,VALUACION DE INSTRUMENTOS FINANCIEROS A VALOR RAZONABLE CON CAMBIO EN RESULTADOS,4304,pc_43,revenue,ec_eri_4304,False,False,False,,,
pc_4305,OTRAS RENTAS,4305,pc_43,view,,,,,,,
pc_430501,INTERESES GANADOS,430501,pc_4305,revenue,ec_eri_4305,False,False,False,,,
pc_430502,PROMOCIONES DE PROVEEDORES,430502,pc_4305,revenue,ec_eri_4305,False,False,False,,,
pc_430503,GANANCIAS POR REDONDEO,430503,pc_4305,revenue,ec_eri_4305,False,False,False,,,
pc_430504,MULTAS EMPLEADOS,430504,pc_4305,revenue,ec_eri_4305,False,False,False,,,
pc_430505,OTROS INGRESOS GENERALES,430505,pc_4305,revenue,ec_eri_4305,False,False,False,,,
pc_430506,INGRESOS DIFERIDOS,430506,pc_4305,revenue,ec_eri_4305,False,False,False,,,
pc_52,GASTOS,52,pc_5,view,,,,,,,
pc_5201,GASTOS DE VENTA,5201,pc_52,view,,,,,,,
pc_520101,"SUELDOS, SALARIOS Y DEMÁS REMUNERACIONES",520101,pc_5201,view,,,,,,,
pc_52010101,SUELDOS Y SALARIOS,52010101,pc_520101,expense,ec_eri_520101,False,False,False,,,
pc_52010102,HORAS EXTRAS,52010102,pc_520101,expense,ec_eri_520101,False,False,False,,,
pc_52010103,COMISIONES,52010103,pc_520101,expense,ec_eri_520101,False,False,False,,,
pc_52010104,BONIFICACIONES,52010104,pc_520101,expense,ec_eri_520101,False,False,False,,,
pc_520102,APORTES A LA SEGURIDAD SOCIAL (incluido fondo de reserva),520102,pc_5201,view,,,,,,,
pc_52010201,APORTE PATRONAL,52010201,pc_520102,expense,ec_eri_520102,False,False,False,,,
pc_52010202,IECE,52010202,pc_520102,expense,ec_eri_520102,False,False,False,,,
pc_52010203,SECAP,52010203,pc_520102,expense,ec_eri_520102,False,False,False,,,
pc_520103,BENEFICIOS SOCIALES E INDEMNIZACIONES,520103,pc_5201,view,,,,,,,
pc_52010301,DECIMO TERCER SUELDO,52010301,pc_520103,expense,ec_eri_520103,False,False,False,,,
pc_52010302,DECIMO CUARTO SUELDO,52010302,pc_520103,expense,ec_eri_520103,False,False,False,,,
pc_52010303,FONDOS DE RESERVA,52010303,pc_520103,expense,ec_eri_520103,False,False,False,,,
pc_52010304,VACACIONES,52010304,pc_520103,expense,ec_eri_520103,False,False,False,,,
pc_52010305,DESAHUCIO,52010305,pc_520103,expense,ec_eri_520103,False,False,False,,,
pc_520104,GASTO PLANES DE BENEFICIOS A EMPLEADOS,520104,pc_5201,expense,ec_eri_520104,False,False,False,,,
pc_520105,"HONORARIOS, COMISIONES Y DIETAS A PERSONAS NATURALES",520105,pc_5201,expense,ec_eri_520105,False,False,False,,,
pc_520106,REMUNERACIONES A OTROS TRABAJADORES AUTÓNOMOS,520106,pc_5201,expense,ec_eri_520106,False,False,False,,,
pc_520107,HONORARIOS A EXTRANJEROS POR SERVICIOS OCASIONALES,520107,pc_5201,expense,ec_eri_520107,False,False,False,,,
pc_520108,MANTENIMIENTO Y REPARACIONES,520108,pc_5201,view,,,,,,,
pc_52010801,MANTENIMIENTO DE LOCAL COMERCIAL,52010801,pc_520108,expense,ec_eri_520108,False,False,False,,,
pc_52010802,MANTENIMIENTO DE VEHÍCULOS,52010802,pc_520108,expense,ec_eri_520108,False,False,False,,,
pc_520109,ARRENDAMIENTO OPERATIVO,520109,pc_5201,view,,,,,,,
pc_52010901,ARRIENDO LOCAL COMERCIAL,52010901,pc_520109,expense,ec_eri_520109,False,False,False,,,
pc_520110,COMISIONES,520110,pc_5201,expense,ec_eri_520110,False,False,False,,,
pc_520111,PROMOCIÓN Y PUBLICIDAD,520111,pc_5201,expense,ec_eri_520111,False,False,False,,,
pc_520112,COMBUSTIBLES,520112,pc_5201,expense,ec_eri_520112,False,False,False,,,
pc_520113,LUBRICANTES,520113,pc_5201,expense,ec_eri_520113,False,False,False,,,
pc_520114,SEGUROS Y REASEGUROS (primas y cesiones),520114,pc_5201,expense,ec_eri_520114,False,False,False,,,
pc_520115,TRANSPORTE,520115,pc_5201,expense,ec_eri_520115,False,False,False,,,
pc_520116,"GASTOS DE GESTIÓN (agasajos a accionistas, trabajadores y clientes)",520116,pc_5201,expense,ec_eri_520116,False,False,False,,,
pc_520117,GASTOS DE VIAJE,520117,pc_5201,expense,ec_eri_520117,False,False,False,,,
pc_520118,"AGUA, ENERGÍA, LUZ, Y TELECOMUNICACIONES",520118,pc_5201,view,,,,,,,
pc_52011801,AGUA,52011801,pc_520118,expense,ec_eri_520118,False,False,False,,,
pc_52011802,ENERGÍA ELÉCTRICA,52011802,pc_520118,expense,ec_eri_520118,False,False,False,,,
pc_52011803,TELECOMUNICACIONES,52011803,pc_520118,view,,,,,,,
pc_5201180301,TELÉFONO,5201180301,pc_52011803,expense,ec_eri_520118,False,False,False,,,
pc_5201180302,PLAN CELULAR,5201180302,pc_52011803,expense,ec_eri_520118,False,False,False,,,
pc_5201180303,INTERNET,5201180303,pc_52011803,expense,ec_eri_520118,False,False,False,,,
pc_5201180304,PLAN DE TRANSMISIÓN DE DATOS,5201180304,pc_52011803,expense,ec_eri_520118,False,False,False,,,
pc_520119,NOTARIOS Y REGISTRADORES DE LA PROPIEDAD O MERCANTILES,520119,pc_5201,expense,ec_eri_520119,False,False,False,,,
pc_520120,"IMPUESTOS, CONTRIBUCIONES Y OTROS",520120,pc_5201,expense,ec_eri_520120,False,False,False,,,
pc_520121,DEPRECIACIONES:,520121,pc_5201,view,,,,,,,
pc_52012101,"PROPIEDADES, PLANTA Y EQUIPO",52012101,pc_520121,expense,ec_eri_52012101,False,False,False,,,
pc_52012102,PROPIEDADES DE INVERSIÓN,52012102,pc_520121,expense,ec_eri_52012102,False,False,False,,,
pc_520122,AMORTIZACIONES:,520122,pc_5201,view,,,,,,,
pc_52012201,INTANGIBLES,52012201,pc_520122,expense,ec_eri_52012201,False,False,False,,,
pc_52012202,OTROS ACTIVOS,52012202,pc_520122,expense,ec_eri_52012202,False,False,False,,,
pc_520123,GASTO DETERIORO:,520123,pc_5201,expense,ec_eri_520123,False,False,False,,,
pc_5202,GASTOS ADMINISTRATIVOS,5202,pc_52,view,,,,,,,- 
pc_520201,"SUELDOS, SALARIOS Y DEMÁS REMUNERACIONES",520201,pc_5202,view,,,,,,,
pc_52020101,SUELDOS Y SALARIOS,52020101,pc_520201,expense,ec_eri_520201,False,False,False,,,
pc_52020102,HORAS EXTRAS,52020102,pc_520201,expense,ec_eri_520201,False,False,False,,,
pc_52020103,COMISIONES,52020103,pc_520201,expense,ec_eri_520201,False,False,False,,,
pc_52020104,BONIFICACIONES,52020104,pc_520201,expense,ec_eri_520201,False,False,False,,,
pc_520202,APORTES A LA SEGURIDAD SOCIAL (incluido fondo de reserva),520202,pc_5202,view,,,,,,,
pc_52020201,APORTE PATRONAL,52020201,pc_520202,expense,ec_eri_520202,False,False,False,,,
pc_52020202,IECE,52020202,pc_520202,expense,ec_eri_520202,False,False,False,,,
pc_52020203,SECAP,52020203,pc_520202,expense,ec_eri_520202,False,False,False,,,
pc_520203,BENEFICIOS SOCIALES E INDEMNIZACIONES,520203,pc_5202,view,,,,,,,
pc_52020301,DECIMO TERCER SUELDO,52020301,pc_520203,expense,ec_eri_520203,False,False,False,,,
pc_52020302,DECIMO CUARTO SUELDO,52020302,pc_520203,expense,ec_eri_520203,False,False,False,,,
pc_52020303,FONDOS DE RESERVA,52020303,pc_520203,expense,ec_eri_520203,False,False,False,,,
pc_52020304,VACACIONES,52020304,pc_520203,expense,ec_eri_520203,False,False,False,,,
pc_52020305,DESAHUCIO,52020305,pc_520203,expense,ec_eri_520203,False,False,False,,,
pc_520204,GASTO PLANES DE BENEFICIOS A EMPLEADOS,520204,pc_5202,expense,ec_eri_520204,False,False,False,,,
pc_520205,"HONORARIOS, COMISIONES Y DIETAS A PERSONAS NATURALES",520205,pc_5202,view,,,,,,,
pc_52020501,HONORARIOS PROFESIONALES,52020501,pc_520205,expense,ec_eri_520205,False,False,False,,,
pc_520206,REMUNERACIONES A OTROS TRABAJADORES AUTÓNOMOS,520206,pc_5202,expense,ec_eri_520206,False,False,False,,,
pc_520207,HONORARIOS A EXTRANJEROS POR SERVICIOS OCASIONALES,520207,pc_5202,expense,ec_eri_520207,False,False,False,,,
pc_520208,MANTENIMIENTO Y REPARACIONES,520208,pc_5202,view,,,,,,,
pc_52020801,MANTENIMIENTO DE LOCAL COMERCIAL,52020801,pc_520208,expense,ec_eri_520208,False,False,False,,,
pc_52020802,MANTENIMIENTO DE VEHÍCULOS,52020802,pc_520208,expense,ec_eri_520208,False,False,False,,,
pc_520209,ARRENDAMIENTO OPERATIVO,520209,pc_5202,expense,ec_eri_520209,False,False,False,,,
pc_520210,COMISIONES,520210,pc_5202,expense,ec_eri_520210,False,False,False,,,
pc_520211,PROMOCIÓN Y PUBLICIDAD,520211,pc_5202,expense,ec_eri_520211,False,False,False,,,
pc_520212,COMBUSTIBLES,520212,pc_5202,expense,ec_eri_520212,False,False,False,,,
pc_520213,LUBRICANTES,520213,pc_5202,expense,ec_eri_520213,False,False,False,,,
pc_520214,SEGUROS Y REASEGUROS (primas y cesiones),520214,pc_5202,expense,ec_eri_520214,False,False,False,,,
pc_520215,TRANSPORTE,520215,pc_5202,expense,ec_eri_520215,False,False,False,,,
pc_520216,"GASTOS DE GESTIÓN (agasajos a accionistas, trabajadores y clientes)",520216,pc_5202,expense,ec_eri_520216,False,False,False,,,
pc_520217,GASTOS DE VIAJE,520217,pc_5202,expense,ec_eri_520217,False,False,False,,,
pc_520218,"AGUA, ENERGÍA, LUZ, Y TELECOMUNICACIONES",520218,pc_5202,view,,,,,,,
pc_52021801,AGUA,52021801,pc_520218,expense,ec_eri_520218,False,False,False,,,
pc_52021802,ENERGÍA ELÉCTRICA,52021802,pc_520218,expense,ec_eri_520218,False,False,False,,,
pc_52021803,TELECOMUNICACIONES,52021803,pc_520218,view,,,,,,,
pc_5202180301,TELÉFONO,5202180301,pc_52021803,expense,ec_eri_520218,False,False,False,,,
pc_5202180302,PLAN CELULAR,5202180302,pc_52021803,expense,ec_eri_520218,False,False,False,,,
pc_5202180303,INTERNET,5202180303,pc_52021803,expense,ec_eri_520218,False,False,False,,,
pc_5202180304,PLAN DE TRANSMISIÓN DE DATOS,5202180304,pc_52021803,expense,ec_eri_520218,False,False,False,,,
pc_520219,NOTARIOS Y REGISTRADORES DE LA PROPIEDAD O MERCANTILES,520219,pc_5202,expense,ec_eri_520219,False,False,False,,,
pc_520220,"IMPUESTOS, CONTRIBUCIONES Y OTROS",520220,pc_5202,view,,,,,,,
pc_52022001,IMPUESTOS CONTRIBUCIONES Y MULTAS,52022001,pc_520220,expense,ec_eri_520220,False,False,False,,,
pc_52022002,IMPUESTOS,52022002,pc_520220,expense,ec_eri_520220,False,False,False,,,
pc_52022003,IMPUESTO A LA RENTA,52022003,pc_520220,expense,ec_eri_520220,False,False,False,,,
pc_52022004,IMPUESTO PATENTE MUNICIPAL,52022004,pc_520220,expense,ec_eri_520220,False,False,False,,,
pc_52022005,IMPUESTO 1.5 POR MIL ACTIVOS TOTALES,52022005,pc_520220,expense,ec_eri_520220,False,False,False,,,
pc_52022006,IMPUESTO FISCAL MATRICULACION,52022006,pc_520220,expense,ec_eri_520220,False,False,False,,,
pc_52022007,IMPUESTO AL RODAJE,52022007,pc_520220,expense,ec_eri_520220,False,False,False,,,
pc_52022008,TASA DE LA DIRECCION TRANSITO,52022008,pc_520220,expense,ec_eri_520220,False,False,False,,,
pc_52022009,PERMISO CUERPO DE BOMBEROS,52022009,pc_520220,expense,ec_eri_520220,False,False,False,,,
pc_52022010,MULTA PRESTAMOS,52022010,pc_520220,expense,ec_eri_520220,False,False,False,,,
pc_52022011,CONTRIBUCIONES,52022011,pc_520220,expense,ec_eri_520220,False,False,False,,,
pc_52022012,CONTRIBUCION SUPERINTENDENCIA DE COMPAÑIAS,52022012,pc_520220,expense,ec_eri_520220,False,False,False,,,
pc_52022013,CONTRIBUCION CAMARA DE COMERCIO,52022013,pc_520220,expense,ec_eri_520220,False,False,False,,,
pc_52022014,CONTRIBUCION SOLCA 0.5%,52022014,pc_520220,expense,ec_eri_520220,False,False,False,,,
pc_52022015,MULTAS,52022015,pc_520220,expense,ec_eri_520220,False,False,False,,,
pc_52022016,MULTAS FISCALES,52022016,pc_520220,expense,ec_eri_520220,False,False,False,,,
pc_52022017,MULTAS MUNICIPALES,52022017,pc_520220,expense,ec_eri_520220,False,False,False,,,
pc_52022018,MULTAS PATRONALES,52022018,pc_520220,expense,ec_eri_520220,False,False,False,,,
pc_520221,DEPRECIACIONES:,520221,pc_5202,view,,,,,,,- 
pc_52022101,"PROPIEDADES, PLANTA Y EQUIPO",52022101,pc_520221,expense,ec_eri_52022101,False,False,False,,,
pc_52022102,PROPIEDADES DE INVERSIÓN,52022102,pc_520221,expense,ec_eri_52022102,False,False,False,,,
pc_520222,AMORTIZACIONES:,520222,pc_5202,view,,,,,,,- 
pc_52022201,INTANGIBLES,52022201,pc_520222,expense,ec_eri_52022201,False,False,False,,,
pc_52022202,OTROS ACTIVOS,52022202,pc_520222,expense,ec_eri_52022202,False,False,False,,,
pc_520223,GASTO DETERIORO:,520223,pc_5202,view,,,,,,,- 
pc_52022301,"PROPIEDADES, PLANTA Y EQUIPO",52022301,pc_520223,expense,ec_eri_52022301,False,False,False,,,
pc_52022302,INVENTARIOS,52022302,pc_520223,expense,ec_eri_52022302,False,False,False,,,
pc_52022303,INSTRUMENTOS FINANCIEROS,52022303,pc_520223,expense,ec_eri_52022303,False,False,False,,,
pc_52022304,INTANGIBLES,52022304,pc_520223,expense,ec_eri_52022304,False,False,False,,,
pc_52022305,CUENTAS POR COBRAR,52022305,pc_520223,expense,ec_eri_52022305,False,False,False,,,
pc_52022306,OTROS ACTIVOS,52022306,pc_520223,expense,ec_eri_52022306,False,False,False,,,
pc_520224,GASTOS POR CANTIDADES ANORMALES DE UTILIZACION EN EL PROCESO DE PRODUCCIÓN:,520224,pc_5202,view,,,,,,,- 
pc_52022401,MANO DE OBRA,52022401,pc_520224,expense,ec_eri_52022401,False,False,False,,,
pc_52022402,MATERIALES,52022402,pc_520224,expense,ec_eri_52022402,False,False,False,,,
pc_52022403,COSTOS DE PRODUCCION,52022403,pc_520224,expense,ec_eri_52022403,False,False,False,,,
pc_520225,GASTO POR REESTRUCTURACION,520225,pc_5202,expense,ec_eri_520225,False,False,False,,,
pc_520226,VALOR NETO DE REALIZACION DE INVENTARIOS,520226,pc_5202,expense,ec_eri_520226,False,False,False,,,
pc_520227,GASTO IMPUESTO A LA RENTA (ACTIVOS Y PASIVOS DIFERIDOS),520227,pc_5202,expense,ec_eri_520227,False,False,False,,,
pc_520228,OTROS GASTOS,520228,pc_5202,expense,ec_eri_520228,False,False,False,,,
pc_5203,GASTOS FINANCIEROS,5203,pc_52,view,,,,,,,
pc_520301,INTERESES,520301,pc_5203,expense,ec_eri_520301,False,False,False,,,
pc_520302,COMISIONES,520302,pc_5203,expense,ec_eri_520302,False,False,False,,,
pc_520303,GASTOS DE FINANCIAMIENTO DE ACTIVOS,520303,pc_5203,expense,ec_eri_520303,False,False,False,,,
pc_520304,DIFERENCIA EN CAMBIO,520304,pc_5203,expense,ec_eri_520304,False,False,False,,,
pc_520305,OTROS GASTOS FINANCIEROS,520305,pc_5203,expense,ec_eri_520305,False,False,False,,,
pc_5204,OTROS GASTOS,5204,pc_52,view,,,,,,,
pc_520401,PERDIDA EN INVERSIONES EN ASOCIADAS / SUBSIDIARIAS Y OTRAS,520401,pc_5204,expense,ec_eri_520401,False,False,False,,,
pc_520402,OTROS,520402,pc_5204,view,,,,,,,
pc_52040201,DESADUANIZACION DE MERCADERIAS,52040201,pc_520402,expense,ec_eri_520402,False,False,False,,,
pc_52040202,SALVAGUARDIAS EN IMPORTACIONES,52040202,pc_520402,expense,ec_eri_520402,False,False,False,,,
pc_52040203,FLETES DE MERCADERIAS,52040203,pc_520402,expense,ec_eri_520402,False,False,False,,,
pc_52040204,IMPUESTOS Y COMISIONES POR GIROS AL EXTERIOR,52040204,pc_520402,expense,ec_eri_520402,False,False,False,,,
pc_52040205,COSTO DE VENTAS DIFERIDO,52040205,pc_520402,expense,ec_eri_520402,False,False,False,,,
pc_52040206,UNIFORMES,52040206,pc_520402,expense,ec_eri_520402,False,False,False,,,
pc_52040207,REFIGERIOS Y ATENCIONES,52040207,pc_520402,expense,ec_eri_520402,False,False,False,,,
pc_52040208,GASTOS MEDICOS SEGURIDAD Y SALUD,52040208,pc_520402,expense,ec_eri_520402,False,False,False,,,
pc_52040209,SERVICIO DE MONITOREO Y SEGURIDAD,52040209,pc_520402,expense,ec_eri_520402,False,False,False,,,
pc_52040210,CORREOS Y  CURIERS,52040210,pc_520402,expense,ec_eri_520402,False,False,False,,,
pc_52040211,SERVICIOS DE POS TARJETAS DE CREDITO,52040211,pc_520402,expense,ec_eri_520402,False,False,False,,,
pc_52040212,GARAGE,52040212,pc_520402,expense,ec_eri_520402,False,False,False,,,
pc_52040213,SERV CUSTODIA DOC Y FACT EN LINEA,52040213,pc_520402,expense,ec_eri_520402,False,False,False,,,
pc_52040214,SERVICIO DE CORREO ELECTRONICO,52040214,pc_520402,expense,ec_eri_520402,False,False,False,,,
pc_52040215,COMPRA Y RENOVACIÓN DE CERTIFICADO DIGITAL,52040215,pc_520402,expense,ec_eri_520402,False,False,False,,,
