id,name,code,parent,kind,type,reconcile,deferral,party_required
pc_20107010101,IVA VENTAS LOCALES (EXCLUYE ACTIVOS FIJOS) GRAVADAS TARIFA 12%,20107010101,pc_201070101,other,ec_esf_2010701,True,True,True
pc_20107010102,IVA VENTAS DE ACTIVOS FIJOS GRAVADAS TARIFA 12%,20107010102,pc_201070101,other,ec_esf_2010701,True,True,True
pc_20107010103,IVA VENTAS LOCALES (EXCLUYE ACTIVOS FIJOS) GRAVADAS TARIFA 0% QUE NO DAN DERECHO A CREDITO TRIBUTARIO,20107010103,pc_201070101,other,ec_esf_2010701,True,True,True
pc_20107010104,IVA VENTAS DE ACTIVOS FIJOS GRAVADAS TARIFA 0% QUE NO DAN DERECHO A CREDITO TRIBUTARIO,20107010104,pc_201070101,other,ec_esf_2010701,True,True,True
pc_20107010105,IVA VENTAS LOCALES (EXCLUYE ACTIVOS FIJOS) GRAVADAS TARIFA 0% QUE DAN DERECHO A CREDITO TRIBUTARIO,20107010105,pc_201070101,other,ec_esf_2010701,True,True,True
pc_20107010106,IVA VENTAS DE ACTIVOS FIJOS GRAVADAS TARIFA 0% QUE DAN DERECHO A CREDITO TRIBUTARIO,20107010106,pc_201070101,other,ec_esf_2010701,True,True,True
pc_20107010107,EXPORTACIONES DE BIENES,20107010107,pc_201070101,other,ec_esf_2010701,True,True,True
pc_20107010108,EXPORTACIONES DE SERVICIOS,20107010108,pc_201070101,other,ec_esf_2010701,True,True,True
pc_20107010109,TRANSFERENCIAS NO OBJETO O EXENTAS DE IVA,20107010109,pc_201070101,other,ec_esf_2010701,True,True,True
pc_10108010101,IVA ADQUISICIONES Y PAGOS (EXCLUYE ACTIVOS FIJOS) GRAVADOS TARIFA 12% (CON DERECHO A CRÉDITO TRIBUTARIO),10108010101,pc_101080101,other,ec_esf_10108,True,True,True
pc_10108010102,IVA ADQUISICIONES LOCALES DE ACTIVOS FIJOS GRAVADOS TARIFA 12% (CON DERECHO A CRÉDITO TRIBUTARIO),10108010102,pc_101080101,other,ec_esf_10108,True,True,True
pc_10108010103,IVA OTRAS ADQUISICIONES Y PAGOS GRAVADOS TARIFA 12% (SIN DERECHO A CRÉDITO TRIBUTARIO),10108010103,pc_101080101,other,ec_esf_10108,True,True,True
pc_10108010104,IVA IMPORTACIONES DE SERVICIOS GRAVADOS TARIFA 12%,10108010104,pc_101080101,other,ec_esf_10108,True,True,True
pc_10108010105,IVA IMPORTACIONES DE BIENES (EXCLUYE ACTIVOS FIJOS) GRAVADOS TARIFA 12%,10108010105,pc_101080101,other,ec_esf_10108,True,True,True
pc_10108010106,IVA IMPORTACIONES DE ACTIVOS FIJOS GRAVADOS TARIFA 12%,10108010106,pc_101080101,other,ec_esf_10108,True,True,True
pc_10108010107,IVA IMPORTACIONES DE BIENES (INCLUYE ACTIVOS FIJOS) GRAVADOS TARIFA 0%,10108010107,pc_101080101,other,ec_esf_10108,True,True,True
pc_10108010108,ADQUISICIONES Y PAGOS (INCLUYE ACTIVOS FIJOS) GRAVADOS TARIFA 0%,10108010108,pc_101080101,other,ec_esf_10108,True,True,True
pc_10108010109,ADQUISICIONES REALIZADAS A CONTRIBUYENTES RISE ,10108010109,pc_101080101,other,ec_esf_10108,True,True,True
pc_10108010110,ADQUISICIONES NO OBJETO DE IVA,10108010110,pc_101080101,other,ec_esf_10108,True,True,True
pc_10108010111,ADQUISICIONES EXENTAS DEL PAGO DE IVA,10108010111,pc_101080101,other,ec_esf_10108,True,True,True
pc_101050101,ANTICIPO RETENCION IVA 10%,101050101,pc_1010501,other,ec_esf_1010501,True,True,True
pc_101050102,ANTICIPO RETENCION IVA 20%,101050102,pc_1010501,other,ec_esf_1010501,True,True,True
pc_101050103,ANTICIPO RETENCION IVA 30%,101050103,pc_1010501,other,ec_esf_1010501,True,True,True
pc_101050104,ANTICIPO RETENCION IVA 70%,101050104,pc_1010501,other,ec_esf_1010501,True,True,True
pc_101050105,ANTICIPO RETENCION IVA 100%,101050105,pc_1010501,other,ec_esf_1010501,True,True,True
pc_101050201,ANTICIPO RETENCION EN LA FUENTE 1%,101050201,pc_1010502,other,ec_esf_1010502,True,True,True
pc_101050202,ANTICIPO RETENCION EN LA FUENTE 2%,101050202,pc_1010502,other,ec_esf_1010502,True,True,True
pc_101050203,ANTICIPO RETENCION EN LA FUENTE 8%,101050203,pc_1010502,other,ec_esf_1010502,True,True,True
pc_101050204,ANTICIPO RETENCION EN LA FUENTE 10%,101050204,pc_1010502,other,ec_esf_1010502,True,True,True
pc_20107010201,EN RELACIÓN DE DEPENDENCIA QUE SUPERA O NO LA BASE DESGRAVADA - BASE IMPONIBLE,20107010201,pc_201070102,other,ec_esf_2010701,True,True,True
pc_20107010202,HONORARIOS PROFESIONALES Y DEMÁS PAGOS POR SERVICIOS RELACIONADOS CON EL TÍTULO PROFESIONAL 10%  (303),20107010202,pc_201070102,other,ec_esf_2010701,True,True,True
pc_20107010203,SERVICIOS PREDOMINA EL INTELECTO NO RELACIONADOS CON EL TÍTULO PROFESIONAL 8% (304),20107010203,pc_201070102,other,ec_esf_2010701,True,True,True
pc_20107010204,COMISIONES Y DEMÁS PAGOS POR SERVICIOS PREDOMINA INTELECTO NO RELACIONADOS CON EL TÍTULO PROFESIONAL  8%  (304A),20107010204,pc_201070102,other,ec_esf_2010701,True,True,True
pc_20107010205,PAGOS A NOTARIOS Y REGISTRADORES DE LA PROPIEDAD Y MERCANTIL POR SUS ACTIVIDADES EJERCIDAS COMO TALES  8% (304B),20107010205,pc_201070102,other,ec_esf_2010701,True,True,True
pc_20107010206,"PAGOS A DEPORTISTAS, ENTRENADORES, ÁRBITROS, MIEMBROS DEL CUERPO TÉCNICO POR SUS ACTIVIDADES EJERCIDAS COMO TALES  8%  (304C)",20107010206,pc_201070102,other,ec_esf_2010701,True,True,True
pc_20107010207,PAGOS A ARTISTAS POR SUS ACTIVIDADES EJERCIDAS COMO TALES  8%  (304D),20107010207,pc_201070102,other,ec_esf_2010701,True,True,True
pc_20107010208,HONORARIOS Y DEMÁS PAGOS POR SERVICIOS DE DOCENCIA  8% (304E),20107010208,pc_201070102,other,ec_esf_2010701,True,True,True
pc_20107010209,SERVICIOS PREDOMINA LA MANO DE OBRA  2% (307),20107010209,pc_201070102,other,ec_esf_2010701,True,True,True
pc_20107010210,UTILIZACIÓN O APROVECHAMIENTO DE LA IMAGEN O RENOMBRE 10% (308),20107010210,pc_201070102,other,ec_esf_2010701,True,True,True
pc_20107010211,SERVICIOS PRESTADOS POR MEDIOS DE COMUNICACIÓN Y AGENCIAS DE PUBLICIDAD 1% (309),20107010211,pc_201070102,other,ec_esf_2010701,True,True,True
pc_20107010212,SERVICIO DE TRANSPORTE PRIVADO DE PASAJEROS O TRANSPORTE PÚBLICO O PRIVADO DE CARGA 1% (310),20107010212,pc_201070102,other,ec_esf_2010701,True,True,True
pc_20107010213,POR PAGOS A TRAVÉS DE LIQUIDACIÓN DE COMPRA (NIVEL CULTURAL O RUSTICIDAD) 2%  (311),20107010213,pc_201070102,other,ec_esf_2010701,True,True,True
pc_20107010214,TRANSFERENCIA DE BIENES MUEBLES DE NATURALEZA CORPORAL 1% (312),20107010214,pc_201070102,other,ec_esf_2010701,True,True,True
pc_20107010215,"COMPRA DE BIENES DE ORIGEN AGRÍCOLA, AVÍCOLA, PECUARIO, APÍCOLA, CUNÍCULA, BIOACUÁTICO, Y FORESTAL 1% (312A)",20107010215,pc_201070102,other,ec_esf_2010701,True,True,True
pc_20107010216,REGALÍAS POR CONCEPTO DE FRANQUICIAS DE ACUERDO A LEY DE PROPIEDAD INTELECTUAL - PAGO A PERSONAS NATURALES  8%  (314A) ,20107010216,pc_201070102,other,ec_esf_2010701,True,True,True
pc_20107010217,"CÁNONES, DERECHOS DE AUTOR,  MARCAS, PATENTES Y SIMILARES DE ACUERDO A LEY DE PROPIEDAD INTELECTUAL – PAGO A PERSONAS NATURALES  8%  (314B)",20107010217,pc_201070102,other,ec_esf_2010701,True,True,True
pc_20107010218,REGALÍAS POR CONCEPTO DE FRANQUICIAS DE ACUERDO A LEY DE PROPIEDAD INTELECTUAL  - PAGO A SOCIEDADES  8%  (314C),20107010218,pc_201070102,other,ec_esf_2010701,True,True,True
pc_20107010219,"CÁNONES, DERECHOS DE AUTOR,  MARCAS, PATENTES Y SIMILARES DE ACUERDO A LEY DE PROPIEDAD INTELECTUAL – PAGO A SOCIEDADES  8%  (314D)",20107010219,pc_201070102,other,ec_esf_2010701,True,True,True
pc_20107010220,"CUOTAS DE ARRENDAMIENTO MERCANTIL, INCLUSIVE LA DE OPCIÓN DE COMPRA (319)",20107010220,pc_201070102,other,ec_esf_2010701,True,True,True
pc_20107010221,POR ARRENDAMIENTO BIENES INMUEBLES  8%  (320),20107010221,pc_201070102,other,ec_esf_2010701,True,True,True
pc_20107010222,SEGUROS Y REASEGUROS (PRIMAS Y CESIONES) 1% (322),20107010222,pc_201070102,other,ec_esf_2010701,True,True,True
pc_20107010223,POR RENDIMIENTOS FINANCIEROS PAGADOS A NATURALES Y SOCIEDADES  (NO A IFIS) 2%   (323),20107010223,pc_201070102,other,ec_esf_2010701,True,True,True
pc_20107010224,POR RF: DEPÓSITOS CTA. CORRIENTE 2%  (323A),20107010224,pc_201070102,other,ec_esf_2010701,True,True,True
pc_20107010225,POR RF:  DEPÓSITOS CTA. AHORROS SOCIEDADES 2%  (323B1),20107010225,pc_201070102,other,ec_esf_2010701,True,True,True
pc_20107010226,POR RF: DEPÓSITO A PLAZO FIJO  GRAVADOS 2%  (323E),20107010226,pc_201070102,other,ec_esf_2010701,True,True,True
pc_20107010227,POR RF: DEPÓSITO A PLAZO FIJO EXENTOS (323E2),20107010227,pc_201070102,other,ec_esf_2010701,True,True,True
pc_20107010228,POR RENDIMIENTOS FINANCIEROS: OPERACIONES DE REPORTO - REPOS 2%  (323F),20107010228,pc_201070102,other,ec_esf_2010701,True,True,True
pc_20107010229,POR RF: INVERSIONES (CAPTACIONES) RENDIMIENTOS DISTINTOS DE AQUELLOS PAGADOS A IFIS 2%  (323G),20107010229,pc_201070102,other,ec_esf_2010701,True,True,True
pc_20107010230,POR RF: OBLIGACIONES 2%  (323H),20107010230,pc_201070102,other,ec_esf_2010701,True,True,True
pc_20107010231,POR RF: BONOS CONVERTIBLE EN ACCIONES 2%  (323I),20107010231,pc_201070102,other,ec_esf_2010701,True,True,True
pc_20107010232,POR RF: INVERSIONES EN TÍTULOS VALORES EN RENTA FIJA GRAVADOS 2%   (323M),20107010232,pc_201070102,other,ec_esf_2010701,True,True,True
pc_20107010233,POR RF: INVERSIONES EN TÍTULOS VALORES EN RENTA FIJA EXENTOS (323N),20107010233,pc_201070102,other,ec_esf_2010701,True,True,True
pc_20107010234,POR RF: INTERESES PAGADOS A BANCOS Y OTRAS ENTIDADES SOMETIDAS AL CONTROL DE LA SUPERINTENDENCIA DE BANCOS Y DE LA ECONOMÍA POPULAR Y SOLIDARIA (323O),20107010234,pc_201070102,other,ec_esf_2010701,True,True,True
pc_20107010235,POR RF: INTERESES PAGADOS POR ENTIDADES DEL SECTOR PÚBLICO A FAVOR DE SUJETOS PASIVOS 2%  (323P),20107010235,pc_201070102,other,ec_esf_2010701,True,True,True
pc_20107010236,POR RF: OTROS INTERESES Y RENDIMIENTOS FINANCIEROS GRAVADOS 2%  (323Q),20107010236,pc_201070102,other,ec_esf_2010701,True,True,True
pc_20107010237,POR RF: OTROS INTERESES Y RENDIMIENTOS FINANCIEROS EXENTOS (323R),20107010237,pc_201070102,other,ec_esf_2010701,True,True,True
pc_20107010238,POR RF: INTERESES EN OPERACIONES DE CRÉDITO ENTRE INSTITUCIONES DEL SISTEMA FINANCIERO Y ENTIDADES ECONOMÍA POPULAR Y SOLIDARIA.1%  (324A),20107010238,pc_201070102,other,ec_esf_2010701,True,True,True
pc_20107010239,POR RF: POR INVERSIONES ENTRE INSTITUCIONES DEL SISTEMA FINANCIERO Y ENTIDADES ECONOMÍA POPULAR Y SOLIDARIA.1%   (324B),20107010239,pc_201070102,other,ec_esf_2010701,True,True,True
pc_20107010240,ANTICIPO DIVIDENDOS  (325),20107010240,pc_201070102,other,ec_esf_2010701,True,True,True
pc_20107010241,"DIVIDENDOS ANTICIPADOS PRÉSTAMOS ACCIONISTAS, BENEFICIARIOS O PARTÌCIPES  (325A)",20107010241,pc_201070102,other,ec_esf_2010701,True,True,True
pc_20107010242,DIVIDENDOS DISTRIBUIDOS QUE CORRESPONDAN AL IMPUESTO A LA RENTA ÚNICO  ESTABLECIDO EN EL ART. 27 DE LA LRTI  HASTA EL 100% (326),20107010242,pc_201070102,other,ec_esf_2010701,True,True,True
pc_20107010243,DIVIDENDOS DISTRIBUIDOS A PERSONAS NATURALES RESIDENTES 1% AL 13% (327),20107010243,pc_201070102,other,ec_esf_2010701,True,True,True
pc_20107010244,DIVIDENDOS DISTRIBUIDOS A SOCIEDADES RESIDENTES HASTA EL 100%  (328),20107010244,pc_201070102,other,ec_esf_2010701,True,True,True
pc_20107010245,DIVIDENDOS DISTRIBUIDOS A FIDEICOMISOS RESIDENTES  HASTA EL 100%(329),20107010245,pc_201070102,other,ec_esf_2010701,True,True,True
pc_20107010246,DIVIDENDOS GRAVADOS DISTRIBUIDOS EN ACCIONES (REINVERSIÓN DE UTILIDADES SIN DERECHO A REDUCCIÓN TARIFA IR) DE ACUERDO A LA TABLA DE RETENCIONES DEL ART. 15 RALRTI (330),20107010246,pc_201070102,other,ec_esf_2010701,True,True,True
pc_20107010247,DIVIDENDOS EXENTOS DISTRIBUIDOS EN ACCIONES (REINVERSIÓN DE UTILIDADES CON DERECHO A REDUCCIÓN TARIFA IR)   0% (331),20107010247,pc_201070102,other,ec_esf_2010701,True,True,True
pc_20107010248,OTRAS COMPRAS DE BIENES Y SERVICIOS NO SUJETAS A RETENCIÓN 0% (332),20107010248,pc_201070102,other,ec_esf_2010701,True,True,True
pc_20107010249,POR LA ENAJENACIÓN OCASIONAL DE ACCIONES O PARTICIPACIONES Y TÍTULOS VALORES 0% (332A),20107010249,pc_201070102,other,ec_esf_2010701,True,True,True
pc_20107010250,COMPRA DE BIENES INMUEBLES 0% (332B),20107010250,pc_201070102,other,ec_esf_2010701,True,True,True
pc_20107010251,TRANSPORTE PÚBLICO DE PASAJEROS 0% (332C),20107010251,pc_201070102,other,ec_esf_2010701,True,True,True
pc_20107010252,"PAGOS EN EL PAÍS POR TRANSPORTE DE PASAJEROS O TRANSPORTE INTERNACIONAL DE CARGA, A COMPAÑÍAS NACIONALES O EXTRANJERAS DE AVIACIÓN O MARÍTIMAS 0% (332D)",20107010252,pc_201070102,other,ec_esf_2010701,True,True,True
pc_20107010253,VALORES ENTREGADOS POR LAS COOPERATIVAS DE TRANSPORTE A SUS SOCIOS 0% (332E),20107010253,pc_201070102,other,ec_esf_2010701,True,True,True
pc_20107010254,COMPRAVENTA DE DIVISAS DISTINTAS AL DÓLAR DE LOS ESTADOS UNIDOS DE AMÉRICA0% (332F),20107010254,pc_201070102,other,ec_esf_2010701,True,True,True
pc_20107010255,PAGOS CON TARJETA DE CRÉDITO (NO APLICA RETENCIÓN) (332G),20107010255,pc_201070102,other,ec_esf_2010701,True,True,True
pc_20107010256,"PAGO AL EXTERIOR TARJETA DE CRÉDITO REPORTADA POR LA EMISORA DE TARJETA DE CRÉDITO, SOLO RECAP 0% (332H)",20107010256,pc_201070102,other,ec_esf_2010701,True,True,True
pc_20107010257,"ENAJENACIÓN DE DERECHOS REPRESENTATIVOS DE CAPITAL Y OTROS DERECHOS COTIZADOS EN BOLSA ECUATORIANA 0,20% (332)",20107010257,pc_201070102,other,ec_esf_2010701,True,True,True
pc_20107010258,ENAJENACIÓN DE DERECHOS REPRESENTATIVOS DE CAPITAL Y OTROS DERECHOS NO COTIZADOS EN BOLSA ECUATORIANA 1% (334),20107010258,pc_201070102,other,ec_esf_2010701,True,True,True
pc_20107010259,"POR LOTERÍAS, RIFAS, APUESTAS Y SIMILARES 15% (335)",20107010259,pc_201070102,other,ec_esf_2010701,True,True,True
pc_20107010260,POR VENTA DE COMBUSTIBLES A COMERCIALIZADORAS  2/MIL (336),20107010260,pc_201070102,other,ec_esf_2010701,True,True,True
pc_20107010261,POR VENTA DE COMBUSTIBLES A DISTRIBUIDORES 3/MIL(337),20107010261,pc_201070102,other,ec_esf_2010701,True,True,True
pc_20107010262,COMPRA LOCAL DE BANANO A PRODUCTOR 1% -2% (338),20107010262,pc_201070102,other,ec_esf_2010701,True,True,True
pc_20107010263,LIQUIDACIÓN IMPUESTO ÚNICO A LA VENTA LOCAL DE BANANO DE PRODUCCIÓN PROPIA HASTA EL 100% (339),20107010263,pc_201070102,other,ec_esf_2010701,True,True,True
pc_20107010264,IMPUESTO ÚNICO A LA EXPORTACIÓN DE BANANO DE PRODUCCIÓN PROPIA - COMPONENTE 1      1% -2% (340) ,20107010264,pc_201070102,other,ec_esf_2010701,True,True,True
pc_20107010265,"IMPUESTO ÚNICO A LA EXPORTACIÓN DE BANANO DE PRODUCCIÓN PROPIA - COMPONENTE 2        1,25% - 2% (341)",20107010265,pc_201070102,other,ec_esf_2010701,True,True,True
pc_20107010266,"IMPUESTO ÚNICO A LA EXPORTACIÓN DE BANANO PRODUCIDO POR TERCEROS 0,5%-2%  (342)",20107010266,pc_201070102,other,ec_esf_2010701,True,True,True
pc_20107010267,POR ENERGÍA ELÉCTRICA  1% (343A),20107010267,pc_201070102,other,ec_esf_2010701,True,True,True
pc_20107010268,"POR ACTIVIDADES DE CONSTRUCCIÓN DE OBRA MATERIAL INMUEBLE, URBANIZACIÓN, LOTIZACIÓN O ACTIVIDADES SIMILARES   1% (343B)",20107010268,pc_201070102,other,ec_esf_2010701,True,True,True
pc_20107010269,OTRAS RETENCIONES APLICABLES EL 2% (344),20107010269,pc_201070102,other,ec_esf_2010701,True,True,True
pc_20107010270,"PAGO LOCAL TARJETA DE CRÉDITO REPORTADA POR LA EMISORA DE TARJETA DE CRÉDITO, SOLO RECAP (344A)",20107010270,pc_201070102,other,ec_esf_2010701,True,True,True
pc_20107010271,OTRAS RETENCIONES APLICABLES EL 8% (345),20107010271,pc_201070102,other,ec_esf_2010701,True,True,True
pc_20107010272,GANANCIAS DE CAPITAL    (ENTRE 0 Y 10)    (346A),20107010272,pc_201070102,other,ec_esf_2010701,True,True,True
pc_20107010273,PAGO AL EXTERIOR - RENTAS INMOBILIARIAS  (ENTRE 0 Y 22 * ) (500),20107010273,pc_201070102,other,ec_esf_2010701,True,True,True
pc_20107010274,PAGO AL EXTERIOR - BENEFICIOS EMPRESARIALES (ENTRE 0 Y 22 * )  (501),20107010274,pc_201070102,other,ec_esf_2010701,True,True,True
pc_20107010275,PAGO AL EXTERIOR - SERVICIOS EMPRESARIALES  (ENTRE 0 Y 22 * )  (502),20107010275,pc_201070102,other,ec_esf_2010701,True,True,True
pc_20107010276,PAGO AL EXTERIOR - NAVEGACIÓN MARÍTIMA Y/O AÉREA  (ENTRE 0 Y 22 * )  (503),20107010276,pc_201070102,other,ec_esf_2010701,True,True,True
pc_20107010277,PAGO AL EXTERIOR- DIVIDENDOS DISTRIBUIDOS A PERSONAS NATURALES 0% (504),20107010277,pc_201070102,other,ec_esf_2010701,True,True,True
pc_20107010278,PAGO AL EXTERIOR - DIVIDENDOS A SOCIEDADES  HASTA EL 100% (504A),20107010278,pc_201070102,other,ec_esf_2010701,True,True,True
pc_20107010279,PAGO AL EXTERIOR - ANTICIPO DIVIDENDOS  22% (504B),20107010279,pc_201070102,other,ec_esf_2010701,True,True,True
pc_20107010280,"PAGO AL EXTERIOR - DIVIDENDOS ANTICIPADOS PRÉSTAMOS ACCIONISTAS, BENEFICIARIOS O PARTÌCIPES  HASTA EL 100% (504C)",20107010280,pc_201070102,other,ec_esf_2010701,True,True,True
pc_20107010281,PAGO AL EXTERIOR - DIVIDENDOS A FIDEICOMISOS HASTA EL 100% (504D),20107010281,pc_201070102,other,ec_esf_2010701,True,True,True
pc_20107010282,PAGO AL EXTERIOR- DIVIDENDOS DISTRIBUIDOS A PERSONAS NATURALES (PARAÍSOS FISCALES) 0% (504E),20107010282,pc_201070102,other,ec_esf_2010701,True,True,True
pc_20107010283,PAGO AL EXTERIOR - DIVIDENDOS A SOCIEDADES  (PARAÍSOS FISCALES)  13%(504F),20107010283,pc_201070102,other,ec_esf_2010701,True,True,True
pc_20107010284,PAGO AL EXTERIOR - ANTICIPO DIVIDENDOS  (PARAÍSOS FISCALES) 25% (504G),20107010284,pc_201070102,other,ec_esf_2010701,True,True,True
pc_20107010285,PAGO AL EXTERIOR - DIVIDENDOS A FIDEICOMISOS  (PARAÍSOS FISCALES)13%  (504H),20107010285,pc_201070102,other,ec_esf_2010701,True,True,True
pc_20107010286,PAGO AL EXTERIOR - RENDIMIENTOS FINANCIEROS (ENTRE 0 Y 22 * ) (505),20107010286,pc_201070102,other,ec_esf_2010701,True,True,True
pc_20107010287,PAGO AL EXTERIOR – INTERESES DE CRÉDITOS DE INSTITUCIONES FINANCIERAS DEL EXTERIOR (ENTRE 0 Y 22 * )  (505A),20107010287,pc_201070102,other,ec_esf_2010701,True,True,True
pc_20107010288,PAGO AL EXTERIOR – INTERESES DE CRÉDITOS DE GOBIERNO A GOBIERNO (ENTRE 0 Y 22 * ) (505B),20107010288,pc_201070102,other,ec_esf_2010701,True,True,True
pc_20107010289,PAGO AL EXTERIOR – INTERESES DE CRÉDITOS DE ORGANISMOS MULTILATERALES (ENTRE 0 Y 22 * )  (505C),20107010289,pc_201070102,other,ec_esf_2010701,True,True,True
pc_20107010290,PAGO AL EXTERIOR - INTERESES POR FINANCIAMIENTO DE PROVEEDORES EXTERNOS (ENTRE 0 Y 22 * )  (505D),20107010290,pc_201070102,other,ec_esf_2010701,True,True,True
pc_20107010291,PAGO AL EXTERIOR - INTERESES DE OTROS CRÉDITOS EXTERNOS (ENTRE 0 Y 22 * )  (505E),20107010291,pc_201070102,other,ec_esf_2010701,True,True,True
pc_20107010292,PAGO AL EXTERIOR - OTROS INTERESES Y RENDIMIENTOS FINANCIEROS (ENTRE 0 Y 22 * ) (505F),20107010292,pc_201070102,other,ec_esf_2010701,True,True,True
pc_20107010293,"PAGO AL EXTERIOR - CÁNONES, DERECHOS DE AUTOR,  MARCAS, PATENTES Y SIMILARES (ENTRE 0 Y 22 * )  (509)",20107010293,pc_201070102,other,ec_esf_2010701,True,True,True
pc_20107010294,PAGO AL EXTERIOR - REGALÍAS POR CONCEPTO DE FRANQUICIAS (ENTRE 0 Y 22 * )  (509A),20107010294,pc_201070102,other,ec_esf_2010701,True,True,True
pc_20107010295,PAGO AL EXTERIOR - GANANCIAS DE CAPITAL (ENTRE 0 Y 22 * )  (510),20107010295,pc_201070102,other,ec_esf_2010701,True,True,True
pc_20107010296,PAGO AL EXTERIOR - SERVICIOS PROFESIONALES INDEPENDIENTES (ENTRE 0 Y 22 * )   (511),20107010296,pc_201070102,other,ec_esf_2010701,True,True,True
pc_20107010297,PAGO AL EXTERIOR - SERVICIOS PROFESIONALES DEPENDIENTES (ENTRE 0 Y 22 * )  (512),20107010297,pc_201070102,other,ec_esf_2010701,True,True,True
pc_20107010298,PAGO AL EXTERIOR - ARTISTAS (ENTRE 0 Y 22 * )  (513),20107010298,pc_201070102,other,ec_esf_2010701,True,True,True
pc_20107010299,PAGO AL EXTERIOR - DEPORTISTAS (ENTRE 0 Y 22 * ) (513A),20107010299,pc_201070102,other,ec_esf_2010701,True,True,True
pc_201070102100,PAGO AL EXTERIOR - PARTICIPACIÓN DE CONSEJEROS (ENTRE 0 Y 22 * )  (514),201070102100,pc_201070102,other,ec_esf_2010701,True,True,True
pc_201070102101,PAGO AL EXTERIOR - ENTRETENIMIENTO PÚBLICO  (ENTRE 0 Y 22 * ) (515),201070102101,pc_201070102,other,ec_esf_2010701,True,True,True
pc_201070102102,PAGO AL EXTERIOR - PENSIONES (ENTRE 0 Y 22 * )  (516),201070102102,pc_201070102,other,ec_esf_2010701,True,True,True
pc_201070102103,PAGO AL EXTERIOR - REEMBOLSO DE GASTOS (ENTRE 0 Y 22 * )   (517),201070102103,pc_201070102,other,ec_esf_2010701,True,True,True
pc_201070102104,PAGO AL EXTERIOR - FUNCIONES PÚBLICAS (ENTRE 0 Y 22 * )   (518),201070102104,pc_201070102,other,ec_esf_2010701,True,True,True
pc_201070102105,PAGO AL EXTERIOR - ESTUDIANTES (ENTRE 0 Y 22 * )   (519),201070102105,pc_201070102,other,ec_esf_2010701,True,True,True
pc_201070102106,PAGO AL EXTERIOR - OTROS CONCEPTOS DE INGRESOS GRAVADOS  (ENTRE 0 Y 22 * )  (520),201070102106,pc_201070102,other,ec_esf_2010701,True,True,True
pc_201070102107,PAGO AL EXTERIOR - PAGO A PROVEEDORES DE SERVICIOS HOTELEROS Y TURÍSTICOS EN EL EXTERIOR (ENTRE 0 Y 22 * )  (520A),201070102107,pc_201070102,other,ec_esf_2010701,True,True,True
pc_201070102108,PAGO AL EXTERIOR - ARRENDAMIENTOS MERCANTIL INTERNACIONAL (ENTRE 0 Y 22 * )  (520B),201070102108,pc_201070102,other,ec_esf_2010701,True,True,True
pc_201070102109,PAGO AL EXTERIOR - COMISIONES POR EXPORTACIONES Y POR PROMOCIÓN DE TURISMO RECEPTIVO  (ENTRE 0 Y 22 * )  (520D),201070102109,pc_201070102,other,ec_esf_2010701,True,True,True
pc_201070102110,"PAGO AL EXTERIOR - POR LAS EMPRESAS DE TRANSPORTE MARÍTIMO O AÉREO Y POR EMPRESAS PESQUERAS DE ALTA MAR, POR SU ACTIVIDAD. (ENTRE 0 Y 22 * )  (520E)",201070102110,pc_201070102,other,ec_esf_2010701,True,True,True
pc_201070102111,PAGO AL EXTERIOR - POR LAS AGENCIAS INTERNACIONALES DE PRENSA (ENTRE 0 Y 22 * )  (520F),201070102111,pc_201070102,other,ec_esf_2010701,True,True,True
pc_201070102112,PAGO AL EXTERIOR - CONTRATOS DE FLETAMENTO DE NAVES PARA EMPRESAS DE TRANSPORTE AÉREO O MARÍTIMO INTERNACIONAL  (ENTRE 0 Y 22 * )  (520G),201070102112,pc_201070102,other,ec_esf_2010701,True,True,True
pc_201070102113,PAGO AL EXTERIOR - ENAJENACIÓN DE DERECHOS REPRESENTATIVOS DE CAPITAL Y OTROS DERECHOS  5%(521),201070102113,pc_201070102,other,ec_esf_2010701,True,True,True
pc_201070102114,"PAGO AL EXTERIOR - SERVICIOS TÉCNICOS, ADMINISTRATIVOS O DE CONSULTORÍA Y REGALÍAS CON CONVENIO DE DOBLE TRIBUTACIÓN    HASTA EL 100% (522A)",201070102114,pc_201070102,other,ec_esf_2010701,True,True,True
pc_201070102115,"PAGO AL EXTERIOR - SERVICIOS TÉCNICOS, ADMINISTRATIVOS O DE CONSULTORÍA Y REGALÍAS SIN CONVENIO DE DOBLE TRIBUTACIÓN  22% (522B)",201070102115,pc_201070102,other,ec_esf_2010701,True,True,True
pc_201070102116,"PAGO AL EXTERIOR - SERVICIOS TÉCNICOS, ADMINISTRATIVOS O DE CONSULTORÍA Y REGALÍAS EN PARAÍSOS FISCALES  35% (522C)",201070102116,pc_201070102,other,ec_esf_2010701,True,True,True
pc_201070102117,PAGO AL EXTERIOR - SEGUROS Y REASEGUROS (PRIMAS Y CESIONES)  CON CONVENIO DE DOBLE TRIBUTACIÓN HASTA EL 100% (523A),201070102117,pc_201070102,other,ec_esf_2010701,True,True,True
pc_201070102118,PAGO AL EXTERIOR - SEGUROS Y REASEGUROS (PRIMAS Y CESIONES) SIN CONVENIO DE DOBLE TRIBUTACIÓN 22% (523B),201070102118,pc_201070102,other,ec_esf_2010701,True,True,True
pc_201070102119,PAGO AL EXTERIOR - SEGUROS Y REASEGUROS (PRIMAS Y CESIONES) EN PARAÍSOS FISCALES 35% (523C),201070102119,pc_201070102,other,ec_esf_2010701,True,True,True
pc_201070102120,PAGO AL EXTERIOR - OTROS PAGOS AL EXTERIOR NO SUJETOS A RETENCIÓN 0% (524),201070102120,pc_201070102,other,ec_esf_2010701,True,True,True
pc_20107010301,RETENCION IVA POR PAGAR 10%,20107010301,pc_201070103,other,ec_esf_2010701,True,True,True
pc_20107010302,RETENCION IVA POR PAGAR 20%,20107010302,pc_201070103,other,ec_esf_2010701,True,True,True
pc_20107010303,RETENCION IVA POR PAGAR 30%,20107010303,pc_201070103,other,ec_esf_2010701,True,True,True
pc_20107010304,RETENCION IVA POR PAGAR 70%,20107010304,pc_201070103,other,ec_esf_2010701,True,True,True
pc_20107010305,RETENCION IVA POR PAGAR 100%,20107010305,pc_201070103,other,ec_esf_2010701,True,True,True
